original_feature,publication_count,macro_publication_mean_absolute_shap,importance_bootstrap_ci_lower,importance_bootstrap_ci_upper,importance_rank,bootstrap_rank_median,bootstrap_rank_ci_lower,bootstrap_rank_ci_upper,bootstrap_top_3_frequency,bootstrap_top_5_frequency,bootstrap_top_10_frequency,dataset,target_key,target_label,unit,feature_set,model_variant,model_display_name,task_count,task_feature_count,task_importance_mean,task_importance_sd,task_rank_mean,task_rank_median,task_rank_q1,task_rank_q3,task_top_3_frequency,task_top_5_frequency,task_top_10_frequency,rank_stability_category,primary_top_10
extrusion_pressure_kpa,75,1.4017967997464589,1.2111381955200917,1.614956990789672,1.0,1.0,1.0,1.0,1.0,1.0,1.0,cell_viability,cell_viability,Cell viability,percentage points,prospective_design,tuned_rf_reference,Tuned Random Forest,25,44,1.408854368675248,0.39994960928027856,1.88,1.0,1.0,3.0,0.8,1.0,1.0,High rank stability,True
final_nano_or_methylcellulose_concentration_pct_wv,75,0.9575837236150142,0.7608545327219106,1.221639793864776,2.0,2.0,2.0,5.0,0.9139,0.9934,1.0,cell_viability,cell_viability,Cell viability,percentage points,prospective_design,tuned_rf_reference,Tuned Random Forest,25,44,0.958840042270357,0.5508704842536571,5.92,4.0,3.0,8.0,0.44,0.6,0.88,Moderate rank stability,True
extrusion_rate_volume_wise_ml_or_s,75,0.9308816637007381,0.6741226024098256,1.2544475968187,3.0,3.0,2.0,6.0,0.7665,0.9298,1.0,cell_viability,cell_viability,Cell viability,percentage points,prospective_design,tuned_rf_reference,Tuned Random Forest,25,44,0.9225002161408423,0.605693602462612,7.32,4.0,2.0,10.0,0.4,0.72,0.76,Moderate rank stability,True
conical_or_straight_nozzle,75,0.7788921117862617,0.6689578214074768,0.890540817794547,4.0,4.0,3.0,7.0,0.1642,0.819,1.0,cell_viability,cell_viability,Cell viability,percentage points,prospective_design,tuned_rf_reference,Tuned Random Forest,25,44,0.770141507250576,0.3896162542068013,7.72,4.0,3.0,13.0,0.44,0.52,0.72,Moderate rank stability,True
days_observed,75,0.7672664841598204,0.6749729805624397,0.8655649727529987,5.0,5.0,3.0,6.0,0.0803,0.8149,1.0,cell_viability,cell_viability,Cell viability,percentage points,prospective_design,tuned_rf_reference,Tuned Random Forest,25,44,0.7675166159868091,0.13737910021692953,5.92,5.0,4.0,8.0,0.16,0.56,0.96,Moderate rank stability,True
extrusion_rate_lengthwise_mm_or_s,75,0.7157456213586707,0.5616122429050919,0.8903263373439474,6.0,6.0,3.0,9.0,0.0742,0.3827,0.9931,cell_viability,cell_viability,Cell viability,percentage points,prospective_design,tuned_rf_reference,Tuned Random Forest,25,44,0.7169649872569417,0.25753668015197784,7.44,7.0,6.0,10.0,0.2,0.24,0.76,Low rank stability,True
final_alginate_conc_pctw_or_v,75,0.6507832038788622,0.5753724809399163,0.7300327331286425,7.0,7.0,5.0,9.0,0.0005,0.0446,0.9995,cell_viability,cell_viability,Cell viability,percentage points,prospective_design,tuned_rf_reference,Tuned Random Forest,25,44,0.6526793273634643,0.15559180607280257,7.64,6.0,5.0,9.0,0.0,0.32,0.84,Low rank stability,True
syringe_temperature_degc,75,0.6038756245371263,0.5065213412232983,0.7151683518339814,8.0,8.0,6.0,11.0,0.0004,0.0148,0.9724,cell_viability,cell_viability,Cell viability,percentage points,prospective_design,tuned_rf_reference,Tuned Random Forest,25,44,0.5984008849509673,0.22956949450145345,9.72,8.0,7.0,13.0,0.04,0.12,0.64,Low rank stability,True
physical_crosslinking_duration_s,75,0.5786084949642891,0.5127527521906684,0.6505824821475097,9.0,9.0,7.0,11.0,0.0,0.0006,0.9442,cell_viability,cell_viability,Cell viability,percentage points,prospective_design,tuned_rf_reference,Tuned Random Forest,25,44,0.5799540933560499,0.174930414250707,9.2,9.0,7.0,11.0,0.12,0.16,0.72,Low rank stability,True
cell_density_cells_or_ml,75,0.554375032032149,0.477453093250719,0.638844236036066,10.0,10.0,7.0,12.0,0.0,0.0001,0.8405,cell_viability,cell_viability,Cell viability,percentage points,prospective_design,tuned_rf_reference,Tuned Random Forest,25,44,0.5464878492951535,0.2851247538105501,10.92,11.0,6.0,14.0,0.12,0.16,0.44,Low rank stability,True
nozzle_movement_speed_mm_or_s,75,0.4871038592542872,0.41516181150204906,0.5694913740455648,11.0,11.0,9.0,15.0,0.0,0.0,0.1365,cell_viability,cell_viability,Cell viability,percentage points,prospective_design,tuned_rf_reference,Tuned Random Forest,25,44,0.49138538587878755,0.19273713508882376,11.44,11.0,8.0,15.0,0.0,0.08,0.44,Low rank stability,False
cell_culture_medium_used,75,0.46290781049134905,0.3960603574400164,0.5369210827172936,12.0,13.0,10.0,17.0,0.0,0.0,0.0415,cell_viability,cell_viability,Cell viability,percentage points,prospective_design,tuned_rf_reference,Tuned Random Forest,25,44,0.4613569278259779,0.3362145913540801,14.76,16.0,7.0,20.0,0.04,0.16,0.28,Low rank stability,False
final_gelatin_conc_pctw_or_v,75,0.4374175310307809,0.33467022220277004,0.5611294848422433,13.0,14.0,10.0,19.0,0.0,0.0001,0.043,cell_viability,cell_viability,Cell viability,percentage points,prospective_design,tuned_rf_reference,Tuned Random Forest,25,44,0.43901026466680554,0.1673083209570791,12.88,12.0,11.0,16.0,0.0,0.04,0.24,Low rank stability,False
outer_nozzle_inner_diameter_um,75,0.43579608317019924,0.37263935075994614,0.508548070830696,14.0,14.0,11.0,17.0,0.0,0.0,0.0095,cell_viability,cell_viability,Cell viability,percentage points,prospective_design,tuned_rf_reference,Tuned Random Forest,25,44,0.4382807651564887,0.20234902110011393,13.4,12.0,11.0,17.0,0.0,0.04,0.16,Low rank stability,False
saline_solution_used,75,0.4342042130150717,0.3679958748743778,0.5081581686200349,15.0,14.0,11.0,18.0,0.0,0.0,0.0109,cell_viability,cell_viability,Cell viability,percentage points,prospective_design,tuned_rf_reference,Tuned Random Forest,25,44,0.44060657906765566,0.27287550186419424,13.64,14.0,11.0,18.0,0.12,0.12,0.24,Low rank stability,False
substrate_temperature_degc,75,0.4192355926958086,0.33068666535423047,0.524706969435726,16.0,15.0,11.0,19.0,0.0,0.0,0.0084,cell_viability,cell_viability,Cell viability,percentage points,prospective_design,tuned_rf_reference,Tuned Random Forest,25,44,0.41714726974033506,0.2689924257058381,14.0,14.0,12.0,17.0,0.08,0.08,0.16,Low rank stability,False
di_water_used,75,0.4101250927208493,0.35811144892795194,0.4664670927569395,17.0,16.0,12.0,18.0,0.0,0.0,0.0005,cell_viability,cell_viability,Cell viability,percentage points,prospective_design,tuned_rf_reference,Tuned Random Forest,25,44,0.4143252393113852,0.29550627333628576,14.76,15.0,12.0,20.0,0.04,0.08,0.2,Low rank stability,False
cacl2_conc_mm,75,0.35793368646444607,0.3030727016933266,0.4204900746353641,18.0,18.0,15.0,19.0,0.0,0.0,0.0,cell_viability,cell_viability,Cell viability,percentage points,prospective_design,tuned_rf_reference,Tuned Random Forest,25,44,0.36020700508251563,0.17071543412396908,15.36,17.0,12.0,18.0,0.0,0.0,0.24,Low rank stability,False
primary_or_not_primary,75,0.3410111747787016,0.30406366754750735,0.38010104347890605,19.0,19.0,17.0,19.0,0.0,0.0,0.0,cell_viability,cell_viability,Cell viability,percentage points,prospective_design,tuned_rf_reference,Tuned Random Forest,25,44,0.34392269713690693,0.13486670971758116,16.24,18.0,16.0,20.0,0.0,0.0,0.16,Low rank stability,False
photocrosslinking_duration_s,75,0.27765885206467056,0.23340123649100616,0.3263802476925152,20.0,20.0,19.0,22.0,0.0,0.0,0.0,cell_viability,cell_viability,Cell viability,percentage points,prospective_design,tuned_rf_reference,Tuned Random Forest,25,44,0.2769615269932194,0.10785185296654713,18.2,19.0,17.0,21.0,0.0,0.0,0.08,Low rank stability,False
final_hyaluronic_acid_conc_pctw_or_v,75,0.24518838432181467,0.18514295378739706,0.3194685299736354,21.0,21.0,20.0,22.0,0.0,0.0,0.0,cell_viability,cell_viability,Cell viability,percentage points,prospective_design,tuned_rf_reference,Tuned Random Forest,25,44,0.24718882816190882,0.09593096444695927,19.36,20.0,17.0,22.0,0.0,0.0,0.08,Low rank stability,False
source_nacl2_concentration_mm,75,0.2384090691127002,0.20831498497608658,0.2745891423282593,22.0,22.0,20.0,22.0,0.0,0.0,0.0,cell_viability,cell_viability,Cell viability,percentage points,prospective_design,tuned_rf_reference,Tuned Random Forest,25,44,0.23581057733217686,0.08786848850606281,19.64,19.0,17.0,21.0,0.0,0.0,0.0,Low rank stability,False
final_gelma_conc_pctw_or_v,75,0.15010372690794188,0.11761972179583859,0.18670704304370414,23.0,23.0,23.0,25.0,0.0,0.0,0.0,cell_viability,cell_viability,Cell viability,percentage points,prospective_design,tuned_rf_reference,Tuned Random Forest,25,44,0.1507314552720859,0.05894503572763228,23.92,24.0,22.0,27.0,0.0,0.0,0.0,Low rank stability,False
inner_nozzle_outer_diameter_um,75,0.14527265434951592,0.1157655974984309,0.1819567917837296,24.0,24.0,23.0,25.0,0.0,0.0,0.0,cell_viability,cell_viability,Cell viability,percentage points,prospective_design,tuned_rf_reference,Tuned Random Forest,25,44,0.1456703521081465,0.07464136932364332,23.88,24.0,23.0,26.0,0.0,0.0,0.0,Low rank stability,False
photoinitiator_used,75,0.12772030276143972,0.10871900096622367,0.14903247771402098,25.0,25.0,24.0,26.0,0.0,0.0,0.0,cell_viability,cell_viability,Cell viability,percentage points,prospective_design,tuned_rf_reference,Tuned Random Forest,25,44,0.12839903186272209,0.065677067184601,24.88,25.0,23.0,27.0,0.0,0.0,0.0,Low rank stability,False
etoh_solution_used,75,0.10267141523701877,0.08882326481930027,0.1207349852493596,26.0,26.0,25.0,27.0,0.0,0.0,0.0,cell_viability,cell_viability,Cell viability,percentage points,prospective_design,tuned_rf_reference,Tuned Random Forest,25,44,0.10245185861490162,0.05818742146091772,26.94,25.0,24.0,28.0,0.0,0.0,0.0,Low rank stability,False
enzymatic_crosslinker_used,75,0.08932825063200296,0.05630456342381168,0.13730633876026646,27.0,27.0,24.0,31.0,0.0,0.0,0.0,cell_viability,cell_viability,Cell viability,percentage points,prospective_design,tuned_rf_reference,Tuned Random Forest,25,44,0.0893286833329354,0.061075238280964665,27.8,28.0,26.0,30.0,0.0,0.0,0.0,Low rank stability,False
matrigel_used,75,0.06948226713284605,0.06353350656990618,0.07533546611189636,28.0,29.0,27.0,30.0,0.0,0.0,0.0,cell_viability,cell_viability,Cell viability,percentage points,prospective_design,tuned_rf_reference,Tuned Random Forest,25,44,0.06822715682444509,0.03866785629898216,30.22,27.0,26.0,29.0,0.0,0.0,0.0,Low rank stability,False
final_fibroin_or_fibrinogen_concentration_pct_wv,75,0.06877250378003387,0.053219128902460035,0.08679679497416011,29.0,29.0,27.0,31.0,0.0,0.0,0.0,cell_viability,cell_viability,Cell viability,percentage points,prospective_design,tuned_rf_reference,Tuned Random Forest,25,44,0.0690057732155197,0.032934597174207304,28.48,30.0,26.0,30.0,0.0,0.0,0.0,Low rank stability,False
precrosslinking_solution_used,75,0.06485109292557933,0.04704980626623283,0.09152785014903063,30.0,30.0,27.0,31.0,0.0,0.0,0.0,cell_viability,cell_viability,Cell viability,percentage points,prospective_design,tuned_rf_reference,Tuned Random Forest,25,44,0.06530091355338055,0.039312773217521434,29.72,29.0,28.0,32.0,0.0,0.0,0.0,Low rank stability,False
final_collagen_conc_pctw_or_v,75,0.06106397795846783,0.05347209631909572,0.07035591238177967,31.0,30.0,28.0,31.0,0.0,0.0,0.0,cell_viability,cell_viability,Cell viability,percentage points,prospective_design,tuned_rf_reference,Tuned Random Forest,25,44,0.06116597621332571,0.025724387951796938,29.32,29.0,28.0,31.0,0.0,0.0,0.0,Low rank stability,False
final_pegda_conc_pctw_or_v,75,0.040176892522664216,0.03496717409471619,0.04561782864529624,32.0,32.0,32.0,33.0,0.0,0.0,0.0,cell_viability,cell_viability,Cell viability,percentage points,prospective_design,tuned_rf_reference,Tuned Random Forest,25,44,0.039679974229156915,0.019854225950633332,31.52,32.0,31.0,33.0,0.0,0.0,0.0,Low rank stability,False
final_agarose_conc_pctw_or_v,75,0.03913183783599374,0.03208662922610587,0.0476237110856268,33.0,33.0,32.0,33.0,0.0,0.0,0.0,cell_viability,cell_viability,Cell viability,percentage points,prospective_design,tuned_rf_reference,Tuned Random Forest,25,44,0.03882620747469288,0.03016606875490644,32.76,32.0,31.0,34.0,0.0,0.0,0.0,Low rank stability,False
final_gellan_conc_pctw_or_v,75,0.0183317319847218,0.014252341946818898,0.023975009352712497,34.0,35.0,34.0,35.0,0.0,0.0,0.0,cell_viability,cell_viability,Cell viability,percentage points,prospective_design,tuned_rf_reference,Tuned Random Forest,25,44,0.018286289585365587,0.007464507588517584,33.52,34.0,32.0,35.0,0.0,0.0,0.0,Low rank stability,False
bacl2_conc_mm,75,0.018237929281818402,0.015127574395893297,0.022082332577976798,35.0,34.0,34.0,35.0,0.0,0.0,0.0,cell_viability,cell_viability,Cell viability,percentage points,prospective_design,tuned_rf_reference,Tuned Random Forest,25,44,0.018316379404832123,0.007471718552427914,33.8,35.0,33.0,35.0,0.0,0.0,0.0,Low rank stability,False
srcl2_conc_mm,75,0.010712048492412873,0.007610710435454523,0.0154847311384515,36.0,36.0,36.0,36.0,0.0,0.0,0.0,cell_viability,cell_viability,Cell viability,percentage points,prospective_design,tuned_rf_reference,Tuned Random Forest,25,44,0.010749203471920304,0.006591681873019979,36.04,36.0,34.0,37.0,0.0,0.0,0.0,Low rank stability,False
final_cs_aema_conc_pctw_or_v,75,0.007343014890189682,0.006459742416898282,0.008257858955025793,37.0,37.0,37.0,38.0,0.0,0.0,0.0,cell_viability,cell_viability,Cell viability,percentage points,prospective_design,tuned_rf_reference,Tuned Random Forest,25,44,0.0072488588462808,0.005165793210984451,38.02,37.0,36.0,40.0,0.0,0.0,0.0,Low rank stability,False
final_tcp_conc_pctw_or_v,75,0.0062804417856465004,0.005037412868851079,0.007914285073979082,38.0,38.0,37.0,39.0,0.0,0.0,0.0,cell_viability,cell_viability,Cell viability,percentage points,prospective_design,tuned_rf_reference,Tuned Random Forest,25,44,0.0062693766026491035,0.003246640011397654,37.86,38.0,37.0,38.0,0.0,0.0,0.0,Low rank stability,False
final_chitosan_conc_pctw_or_v,75,0.0048781769428703214,0.004350502926573682,0.005447894949264027,39.0,39.0,39.0,40.0,0.0,0.0,0.0,cell_viability,cell_viability,Cell viability,percentage points,prospective_design,tuned_rf_reference,Tuned Random Forest,25,44,0.004913363944083576,0.003517227076061777,39.18,39.0,38.0,41.0,0.0,0.0,0.0,Low rank stability,False
final_norha_conc_pctw_or_v,75,0.004739414422191957,0.003639112108857419,0.006023829834424255,40.0,40.0,39.0,40.0,0.0,0.0,0.0,cell_viability,cell_viability,Cell viability,percentage points,prospective_design,tuned_rf_reference,Tuned Random Forest,25,44,0.0047610989613017605,0.0027507148826149876,39.0,39.0,38.0,40.0,0.0,0.0,0.0,Low rank stability,False
final_meha_conc_pctw_or_v,75,0.0036817491192956795,0.002764057536806017,0.00475485456006739,41.0,41.0,41.0,41.0,0.0,0.0,0.0,cell_viability,cell_viability,Cell viability,percentage points,prospective_design,tuned_rf_reference,Tuned Random Forest,25,44,0.0036977156715045116,0.0026269587848448952,40.2,40.0,39.0,41.5,0.0,0.0,0.0,Low rank stability,False
final_p127_conc_pctw_or_v,75,0.002404022242984285,0.0020361847646509974,0.0028006887408956534,42.0,42.0,42.0,43.0,0.0,0.0,0.0,cell_viability,cell_viability,Cell viability,percentage points,prospective_design,tuned_rf_reference,Tuned Random Forest,25,44,0.00244084209383752,0.0016970066558502496,41.06,42.0,39.0,43.0,0.0,0.0,0.0,Low rank stability,False
final_pegma_conc_pctw_or_v,75,0.00229121299656618,0.0019702711023298096,0.002641690161769335,43.0,43.0,42.0,43.0,0.0,0.0,0.0,cell_viability,cell_viability,Cell viability,percentage points,prospective_design,tuned_rf_reference,Tuned Random Forest,25,44,0.002298030918514832,0.0016151438113237548,41.34,41.5,41.0,42.0,0.0,0.0,0.0,Low rank stability,False
final_pegta_conc_pctw_or_v,75,0.0,0.0,0.0,44.0,44.0,44.0,44.0,0.0,0.0,0.0,cell_viability,cell_viability,Cell viability,percentage points,prospective_design,tuned_rf_reference,Tuned Random Forest,25,44,0.0,0.0,43.18,43.5,42.5,44.0,0.0,0.0,0.0,Low rank stability,False
outer_nozzle_inner_diameter_um,54,143.38260164353727,129.02304172128783,157.6614617315909,1.0,1.0,1.0,1.0,1.0,1.0,1.0,filament_diameter,filament_diameter,Filament diameter,µm,prospective_design,tuned_rf_reference,Tuned Random Forest,25,38,143.03225505166822,46.483852210787674,1.04,1.0,1.0,1.0,1.0,1.0,1.0,High rank stability,True
conical_or_straight_nozzle,54,40.069588052602064,31.41058276103667,50.131821478631274,2.0,2.0,2.0,3.0,0.995,0.9999,1.0,filament_diameter,filament_diameter,Filament diameter,µm,prospective_design,tuned_rf_reference,Tuned Random Forest,25,38,40.12574043527212,26.7551574506381,6.44,3.0,2.0,6.0,0.6,0.72,0.84,Moderate rank stability,True
days_observed,54,28.787790673976424,24.995296770737532,33.205054510746045,3.0,4.0,3.0,5.0,0.3554,0.9776,1.0,filament_diameter,filament_diameter,Filament diameter,µm,prospective_design,tuned_rf_reference,Tuned Random Forest,25,38,29.05914997656573,12.16432479858189,4.56,4.0,3.0,5.0,0.32,0.76,1.0,Moderate rank stability,True
di_water_used,54,28.70484759556716,24.974571427387872,32.8997525933853,4.0,4.0,3.0,5.0,0.3716,0.9855,1.0,filament_diameter,filament_diameter,Filament diameter,µm,prospective_design,tuned_rf_reference,Tuned Random Forest,25,38,28.688155583275613,19.166537006457574,6.0,5.0,4.0,7.0,0.24,0.6,0.84,Moderate rank stability,True
nozzle_movement_speed_mm_or_s,54,26.962436463718934,18.709143587352667,36.80700003691837,5.0,5.0,2.0,7.0,0.271,0.7127,1.0,filament_diameter,filament_diameter,Filament diameter,µm,prospective_design,tuned_rf_reference,Tuned Random Forest,25,38,27.186033690375833,17.83518139776723,5.88,6.0,3.0,7.0,0.32,0.44,0.88,Low rank stability,True
physical_crosslinking_duration_s,54,23.37005266931121,19.533766869458077,27.845823685985494,6.0,6.0,4.0,7.0,0.0054,0.2424,1.0,filament_diameter,filament_diameter,Filament diameter,µm,prospective_design,tuned_rf_reference,Tuned Random Forest,25,38,23.300674182643675,13.84917927311511,6.76,5.0,4.0,8.0,0.12,0.52,0.88,Low rank stability,True
extrusion_pressure_kpa,54,20.949921571829773,15.747006434913363,27.07696759708361,7.0,7.0,5.0,7.0,0.0016,0.0819,1.0,filament_diameter,filament_diameter,Filament diameter,µm,prospective_design,tuned_rf_reference,Tuned Random Forest,25,38,21.060727867925124,10.471228976709718,6.6,6.0,4.0,8.0,0.2,0.36,0.92,Low rank stability,True
cacl2_conc_mm,54,10.936134504019096,7.081041094791961,16.037710961631884,8.0,9.0,8.0,16.0,0.0,0.0,0.6697,filament_diameter,filament_diameter,Filament diameter,µm,prospective_design,tuned_rf_reference,Tuned Random Forest,25,38,11.283417062896314,11.109750833555156,12.84,14.0,9.0,16.0,0.04,0.08,0.28,Low rank stability,True
final_alginate_conc_pctw_or_v,54,10.142688295911244,8.298258074592333,12.419040567617843,9.0,10.0,8.0,14.0,0.0,0.0,0.6137,filament_diameter,filament_diameter,Filament diameter,µm,prospective_design,tuned_rf_reference,Tuned Random Forest,25,38,10.104099817125594,5.115892709106539,12.32,12.0,9.0,15.0,0.0,0.04,0.44,Low rank stability,True
final_gelma_conc_pctw_or_v,54,9.907525017031098,8.534329317539273,11.446634474954006,10.0,10.0,8.0,14.0,0.0,0.0,0.542,filament_diameter,filament_diameter,Filament diameter,µm,prospective_design,tuned_rf_reference,Tuned Random Forest,25,38,9.901515218700945,4.530915768665072,12.16,12.0,9.0,15.0,0.0,0.0,0.44,Low rank stability,True
photocrosslinking_duration_s,54,9.715783072212124,8.495412044259089,11.002067670937087,11.0,11.0,8.0,14.0,0.0,0.0,0.4406,filament_diameter,filament_diameter,Filament diameter,µm,prospective_design,tuned_rf_reference,Tuned Random Forest,25,38,9.794808492604341,5.867222328003113,12.88,13.0,10.0,16.0,0.0,0.08,0.36,Low rank stability,False
extrusion_rate_volume_wise_ml_or_s,54,9.18546657445065,6.413936095004275,12.430263214615218,12.0,12.0,8.0,18.0,0.0,0.0,0.3285,filament_diameter,filament_diameter,Filament diameter,µm,prospective_design,tuned_rf_reference,Tuned Random Forest,25,38,9.019752962089763,7.420370516998677,14.2,13.0,9.0,18.0,0.0,0.08,0.32,Low rank stability,False
extrusion_rate_lengthwise_mm_or_s,54,8.795636429261984,5.941044446153941,12.446457213024642,13.0,13.0,8.0,19.0,0.0,0.0,0.2513,filament_diameter,filament_diameter,Filament diameter,µm,prospective_design,tuned_rf_reference,Tuned Random Forest,25,38,9.114236430103205,10.501328344023515,16.36,18.0,12.0,22.0,0.08,0.12,0.2,Low rank stability,False
cell_density_cells_or_ml,54,8.571178581099481,7.181115674688337,10.307884289044,14.0,14.0,10.0,16.0,0.0,0.0,0.0734,filament_diameter,filament_diameter,Filament diameter,µm,prospective_design,tuned_rf_reference,Tuned Random Forest,25,38,8.577447504007857,4.433283634657061,13.36,13.0,11.0,17.0,0.0,0.04,0.2,Low rank stability,False
syringe_temperature_degc,54,8.46359302011588,7.285997416142078,9.767344226619112,15.0,14.0,11.0,16.0,0.0,0.0,0.0184,filament_diameter,filament_diameter,Filament diameter,µm,prospective_design,tuned_rf_reference,Tuned Random Forest,25,38,8.553519664895921,4.633111010066708,13.8,14.0,10.0,17.0,0.0,0.0,0.28,Low rank stability,False
photoinitiator_used,54,7.140562847059922,5.697722549647381,8.707563697484424,16.0,16.0,13.0,20.0,0.0,0.0,0.0008,filament_diameter,filament_diameter,Filament diameter,µm,prospective_design,tuned_rf_reference,Tuned Random Forest,25,38,7.171606636565373,7.085174867538059,17.4,18.0,10.0,24.0,0.04,0.04,0.28,Low rank stability,False
final_gelatin_conc_pctw_or_v,54,6.552075276349763,5.399205446816481,7.859758734965065,17.0,17.0,15.0,20.0,0.0,0.0,0.0001,filament_diameter,filament_diameter,Filament diameter,µm,prospective_design,tuned_rf_reference,Tuned Random Forest,25,38,6.607980423969548,3.4126003613640186,15.36,16.0,12.0,19.0,0.0,0.0,0.16,Low rank stability,False
substrate_temperature_degc,54,6.097769301415099,4.753657580938823,7.623685563054699,18.0,19.0,15.0,23.0,0.0,0.0,0.0,filament_diameter,filament_diameter,Filament diameter,µm,prospective_design,tuned_rf_reference,Tuned Random Forest,25,38,6.05880097819372,3.488184953512171,16.6,17.0,14.0,21.0,0.0,0.0,0.12,Low rank stability,False
saline_solution_used,54,6.022750238876161,5.021487721130544,7.142739532750869,19.0,19.0,16.0,22.0,0.0,0.0,0.0,filament_diameter,filament_diameter,Filament diameter,µm,prospective_design,tuned_rf_reference,Tuned Random Forest,25,38,6.030296509810694,5.562276667697881,18.04,19.0,13.0,23.0,0.0,0.0,0.12,Low rank stability,False
inner_nozzle_outer_diameter_um,54,5.741327435751956,4.879541582002663,6.764449582452492,20.0,20.0,17.0,23.0,0.0,0.0,0.0,filament_diameter,filament_diameter,Filament diameter,µm,prospective_design,tuned_rf_reference,Tuned Random Forest,25,38,5.755732993538196,3.831338516466498,17.52,19.0,13.0,21.0,0.0,0.0,0.12,Low rank stability,False
final_nano_or_methylcellulose_concentration_pct_wv,54,5.534348216589664,2.119945451366091,11.249814975113647,21.0,22.0,9.0,26.0,0.0,0.0,0.0596,filament_diameter,filament_diameter,Filament diameter,µm,prospective_design,tuned_rf_reference,Tuned Random Forest,25,38,5.276768889596259,9.204634400854117,21.6,24.0,21.0,25.0,0.04,0.08,0.12,Low rank stability,False
cell_culture_medium_used,54,5.217120983486166,4.408998453045156,6.142741973607172,22.0,22.0,19.0,24.0,0.0,0.0,0.0,filament_diameter,filament_diameter,Filament diameter,µm,prospective_design,tuned_rf_reference,Tuned Random Forest,25,38,5.164028122461295,3.2502353781288598,18.84,20.0,17.0,22.0,0.0,0.0,0.04,Low rank stability,False
final_hyaluronic_acid_conc_pctw_or_v,54,5.1433665603937095,4.460623754139926,5.876435761224281,23.0,22.0,20.0,24.0,0.0,0.0,0.0,filament_diameter,filament_diameter,Filament diameter,µm,prospective_design,tuned_rf_reference,Tuned Random Forest,25,38,5.116958355553892,2.8524099443474134,19.2,17.0,16.0,20.0,0.0,0.0,0.0,Low rank stability,False
etoh_solution_used,54,3.6132859114529547,1.7341835309674811,7.02794213975438,24.0,24.0,16.0,28.0,0.0,0.0,0.0019,filament_diameter,filament_diameter,Filament diameter,µm,prospective_design,tuned_rf_reference,Tuned Random Forest,25,38,3.6410545152138307,6.280467081398622,24.64,26.0,22.0,29.0,0.0,0.04,0.12,Low rank stability,False
enzymatic_crosslinker_used,54,2.778909513442294,2.357723653745835,3.2675870467568555,25.0,25.0,23.0,26.0,0.0,0.0,0.0,filament_diameter,filament_diameter,Filament diameter,µm,prospective_design,tuned_rf_reference,Tuned Random Forest,25,38,2.754394476791877,2.1124147388465087,23.16,24.0,21.0,26.0,0.0,0.0,0.04,Low rank stability,False
final_agarose_concentration_pct_wv,54,2.0193822378985766,1.5480114439502457,2.5895233418921864,26.0,27.0,25.0,29.0,0.0,0.0,0.0,filament_diameter,filament_diameter,Filament diameter,µm,prospective_design,tuned_rf_reference,Tuned Random Forest,25,38,2.058544980950212,2.2422528251477036,26.74,28.0,21.0,33.0,0.0,0.0,0.0,Low rank stability,False
final_collagen_conc_pctw_or_v,54,1.9858739428302556,1.2615219879176351,3.1272671073219227,27.0,27.0,24.0,29.0,0.0,0.0,0.0,filament_diameter,filament_diameter,Filament diameter,µm,prospective_design,tuned_rf_reference,Tuned Random Forest,25,38,2.0346309688709043,1.8554432958612004,25.28,26.0,21.0,29.0,0.0,0.0,0.0,Low rank stability,False
final_fibroin_or_fibrinogen_concentration_pct_wv,54,1.9555452781199139,1.3729945414123688,2.7112668107899807,28.0,27.0,25.0,29.0,0.0,0.0,0.0,filament_diameter,filament_diameter,Filament diameter,µm,prospective_design,tuned_rf_reference,Tuned Random Forest,25,38,1.939536579646437,2.032842240391094,25.96,27.0,23.0,29.0,0.0,0.0,0.0,Low rank stability,False
source_nacl2_concentration_mm,54,1.674090356059806,1.4936679943964386,1.8848275804650478,29.0,28.0,27.0,29.0,0.0,0.0,0.0,filament_diameter,filament_diameter,Filament diameter,µm,prospective_design,tuned_rf_reference,Tuned Random Forest,25,38,1.669686473211916,0.6637855950526212,25.36,26.0,24.0,27.0,0.0,0.0,0.0,Low rank stability,False
final_norha_conc_pctw_or_v,54,0.5794458729904213,0.4926677771069215,0.669787530492064,30.0,30.0,30.0,30.0,0.0,0.0,0.0,filament_diameter,filament_diameter,Filament diameter,µm,prospective_design,tuned_rf_reference,Tuned Random Forest,25,38,0.5824193104113812,0.4017520551677187,29.94,29.0,27.0,31.0,0.0,0.0,0.0,Low rank stability,False
final_gellan_conc_pctw_or_v,54,0.39042418363875797,0.335537292994729,0.4487092772628295,31.0,31.0,31.0,32.0,0.0,0.0,0.0,filament_diameter,filament_diameter,Filament diameter,µm,prospective_design,tuned_rf_reference,Tuned Random Forest,25,38,0.3897267677034288,0.3172850728276757,31.3,31.0,29.0,33.0,0.0,0.0,0.0,Low rank stability,False
final_meha_conc_pctw_or_v,54,0.3307885146130514,0.27143616787110286,0.39368811173674073,32.0,32.0,31.0,33.0,0.0,0.0,0.0,filament_diameter,filament_diameter,Filament diameter,µm,prospective_design,tuned_rf_reference,Tuned Random Forest,25,38,0.3342063075268608,0.40630386625129,33.08,35.0,31.0,35.5,0.0,0.0,0.0,Low rank stability,False
srcl2_conc_mm,54,0.2747194776088834,0.1524567042117219,0.43139865207681377,33.0,33.0,31.0,34.0,0.0,0.0,0.0,filament_diameter,filament_diameter,Filament diameter,µm,prospective_design,tuned_rf_reference,Tuned Random Forest,25,38,0.2725948880721789,0.3530833035322518,33.16,35.0,30.0,35.5,0.0,0.0,0.0,Low rank stability,False
final_pegda_concentration_pct_wv,54,0.16555050153587678,0.14397436739875188,0.1880619991942738,34.0,34.0,33.0,34.0,0.0,0.0,0.0,filament_diameter,filament_diameter,Filament diameter,µm,prospective_design,tuned_rf_reference,Tuned Random Forest,25,38,0.16450854175606072,0.1338580445611788,32.26,32.0,30.0,35.0,0.0,0.0,0.0,Low rank stability,False
final_tcp_concentration_pct_wv,54,0.12431221399183295,0.09969575570117692,0.1559348971580858,35.0,35.0,35.0,35.0,0.0,0.0,0.0,filament_diameter,filament_diameter,Filament diameter,µm,prospective_design,tuned_rf_reference,Tuned Random Forest,25,38,0.1261095189304777,0.12850870650478027,33.0,33.0,32.0,35.0,0.0,0.0,0.0,Low rank stability,False
precrosslinking_solution_used,54,0.052740566570207675,0.03879410578833289,0.06890078699938783,36.0,36.0,36.0,36.0,0.0,0.0,0.0,filament_diameter,filament_diameter,Filament diameter,µm,prospective_design,tuned_rf_reference,Tuned Random Forest,25,38,0.05458578943631252,0.10431070513108565,35.04,35.0,34.5,36.0,0.0,0.0,0.0,Low rank stability,False
final_p127_conc_pctw_or_v,54,0.01697237932266083,0.013085474472834126,0.02144453415945495,37.0,37.0,37.0,37.0,0.0,0.0,0.0,filament_diameter,filament_diameter,Filament diameter,µm,prospective_design,tuned_rf_reference,Tuned Random Forest,25,38,0.01717556899963908,0.021155532164938973,35.76,35.5,35.0,37.0,0.0,0.0,0.0,Low rank stability,False
bacl2_conc_mm,54,0.0,0.0,0.0,38.0,38.0,38.0,38.0,0.0,0.0,0.0,filament_diameter,filament_diameter,Filament diameter,µm,prospective_design,tuned_rf_reference,Tuned Random Forest,25,38,0.0,0.0,36.56,37.0,35.5,37.5,0.0,0.0,0.0,Low rank stability,False
