dataset,target_family,target_key,feature_set,validation_design,model_key,selected_candidate_id,selected_parameters_json,selected_count,mean_inner_macro_mae,mean_outer_macro_mae
cell_viability,raw_outcome,cell_viability,core_physics,leave_one_publication_out,elastic_net,elastic_net_01,"{""alpha"": 1.0, ""l1_ratio"": 0.9}",10,13.228413228416596,14.297477994914866
cell_viability,raw_outcome,cell_viability,core_physics,leave_one_publication_out,elastic_net,elastic_net_02,"{""alpha"": 1.0, ""l1_ratio"": 0.5}",22,13.077059206686473,13.76433695669757
cell_viability,raw_outcome,cell_viability,core_physics,leave_one_publication_out,elastic_net,elastic_net_03,"{""alpha"": 1.0, ""l1_ratio"": 0.1}",43,13.177271745424557,12.335389211066984
cell_viability,raw_outcome,cell_viability,core_physics,leave_one_publication_out,random_forest,random_forest_02,"{""max_depth"": 12, ""max_features"": ""sqrt"", ""min_samples_leaf"": 3, ""n_estimators"": 300}",8,12.142117357109395,12.480082688848315
cell_viability,raw_outcome,cell_viability,core_physics,leave_one_publication_out,random_forest,random_forest_06,"{""max_depth"": null, ""max_features"": ""sqrt"", ""min_samples_leaf"": 1, ""n_estimators"": 300}",67,11.987440853729291,11.792230591081099
cell_viability,raw_outcome,cell_viability,core_physics,leave_one_publication_out,rbf_svr,rbf_svr_01,"{""C"": 1.0, ""epsilon"": 0.5, ""gamma"": ""scale""}",4,11.360835092133799,8.078439215386224
cell_viability,raw_outcome,cell_viability,core_physics,leave_one_publication_out,rbf_svr,rbf_svr_02,"{""C"": 1.0, ""epsilon"": 0.5, ""gamma"": 0.01}",18,11.444894179957183,9.815203272281956
cell_viability,raw_outcome,cell_viability,core_physics,leave_one_publication_out,rbf_svr,rbf_svr_03,"{""C"": 1.0, ""epsilon"": 0.1, ""gamma"": ""scale""}",13,11.464495564909907,13.57347940578035
cell_viability,raw_outcome,cell_viability,core_physics,leave_one_publication_out,rbf_svr,rbf_svr_04,"{""C"": 1.0, ""epsilon"": 0.1, ""gamma"": 0.01}",38,11.384175778357005,12.069767071196113
cell_viability,raw_outcome,cell_viability,core_physics,leave_one_publication_out,rbf_svr,rbf_svr_05,"{""C"": 10.0, ""epsilon"": 0.5, ""gamma"": ""scale""}",1,11.089668563702752,25.11561618941091
cell_viability,raw_outcome,cell_viability,core_physics,leave_one_publication_out,rbf_svr,rbf_svr_07,"{""C"": 10.0, ""epsilon"": 0.1, ""gamma"": ""scale""}",1,11.339154604135752,3.315237651054211
cell_viability,raw_outcome,cell_viability,core_physics,leave_one_publication_out,ridge,ridge_01,"{""alpha"": 100.0}",75,13.916062344132552,13.474597425568588
cell_viability,raw_outcome,cell_viability,core_physics,publication_grouped,elastic_net,elastic_net_01,"{""alpha"": 1.0, ""l1_ratio"": 0.9}",3,13.268586354734344,12.336929411327263
cell_viability,raw_outcome,cell_viability,core_physics,publication_grouped,elastic_net,elastic_net_02,"{""alpha"": 1.0, ""l1_ratio"": 0.5}",5,13.188922098188863,13.462534614099994
cell_viability,raw_outcome,cell_viability,core_physics,publication_grouped,elastic_net,elastic_net_03,"{""alpha"": 1.0, ""l1_ratio"": 0.1}",17,13.367266997861467,13.692292767197232
cell_viability,raw_outcome,cell_viability,core_physics,publication_grouped,random_forest,random_forest_01,"{""max_depth"": 8, ""max_features"": ""sqrt"", ""min_samples_leaf"": 5, ""n_estimators"": 300}",2,12.942693772990737,11.3403000519432
cell_viability,raw_outcome,cell_viability,core_physics,publication_grouped,random_forest,random_forest_02,"{""max_depth"": 12, ""max_features"": ""sqrt"", ""min_samples_leaf"": 3, ""n_estimators"": 300}",4,12.534703224627318,13.789714078098738
cell_viability,raw_outcome,cell_viability,core_physics,publication_grouped,random_forest,random_forest_06,"{""max_depth"": null, ""max_features"": ""sqrt"", ""min_samples_leaf"": 1, ""n_estimators"": 300}",19,11.915013126888974,12.136968690160055
cell_viability,raw_outcome,cell_viability,core_physics,publication_grouped,rbf_svr,rbf_svr_01,"{""C"": 1.0, ""epsilon"": 0.5, ""gamma"": ""scale""}",1,11.424865299811364,10.18192596554998
cell_viability,raw_outcome,cell_viability,core_physics,publication_grouped,rbf_svr,rbf_svr_02,"{""C"": 1.0, ""epsilon"": 0.5, ""gamma"": 0.01}",7,11.334546267938107,12.238842658201316
cell_viability,raw_outcome,cell_viability,core_physics,publication_grouped,rbf_svr,rbf_svr_03,"{""C"": 1.0, ""epsilon"": 0.1, ""gamma"": ""scale""}",4,11.525199816739,11.950280673308844
cell_viability,raw_outcome,cell_viability,core_physics,publication_grouped,rbf_svr,rbf_svr_04,"{""C"": 1.0, ""epsilon"": 0.1, ""gamma"": 0.01}",12,11.564069675637732,11.297692745200834
cell_viability,raw_outcome,cell_viability,core_physics,publication_grouped,rbf_svr,rbf_svr_05,"{""C"": 10.0, ""epsilon"": 0.5, ""gamma"": ""scale""}",1,11.606427313046904,12.546175017667952
cell_viability,raw_outcome,cell_viability,core_physics,publication_grouped,ridge,ridge_01,"{""alpha"": 100.0}",25,14.324426967231457,14.173506640662884
cell_viability,raw_outcome,cell_viability,core_physics,random_rowwise,elastic_net,elastic_net_05,"{""alpha"": 0.1, ""l1_ratio"": 0.5}",2,11.632905987317312,12.49441699482382
cell_viability,raw_outcome,cell_viability,core_physics,random_rowwise,elastic_net,elastic_net_06,"{""alpha"": 0.1, ""l1_ratio"": 0.1}",4,12.103542832101585,11.688389399659336
cell_viability,raw_outcome,cell_viability,core_physics,random_rowwise,elastic_net,elastic_net_07,"{""alpha"": 0.01, ""l1_ratio"": 0.9}",16,11.965066516059236,11.639164162763207
cell_viability,raw_outcome,cell_viability,core_physics,random_rowwise,elastic_net,elastic_net_08,"{""alpha"": 0.01, ""l1_ratio"": 0.5}",2,11.632532571675892,12.319419787745435
cell_viability,raw_outcome,cell_viability,core_physics,random_rowwise,elastic_net,elastic_net_09,"{""alpha"": 0.01, ""l1_ratio"": 0.1}",1,11.607021975216012,12.126144559689662
cell_viability,raw_outcome,cell_viability,core_physics,random_rowwise,random_forest,random_forest_05,"{""max_depth"": 24, ""max_features"": 0.5, ""min_samples_leaf"": 1, ""n_estimators"": 300}",5,8.358630118279272,8.34928583226867
cell_viability,raw_outcome,cell_viability,core_physics,random_rowwise,random_forest,random_forest_06,"{""max_depth"": null, ""max_features"": ""sqrt"", ""min_samples_leaf"": 1, ""n_estimators"": 300}",20,8.472871658738896,7.751815793815804
cell_viability,raw_outcome,cell_viability,core_physics,random_rowwise,rbf_svr,rbf_svr_09,"{""C"": 100.0, ""epsilon"": 0.5, ""gamma"": ""scale""}",22,8.709465422818374,8.308105191791993
cell_viability,raw_outcome,cell_viability,core_physics,random_rowwise,rbf_svr,rbf_svr_11,"{""C"": 100.0, ""epsilon"": 0.1, ""gamma"": ""scale""}",3,8.973477042797647,8.041772264268031
cell_viability,raw_outcome,cell_viability,core_physics,random_rowwise,ridge,ridge_01,"{""alpha"": 100.0}",3,12.249273351398733,11.560088196463193
cell_viability,raw_outcome,cell_viability,core_physics,random_rowwise,ridge,ridge_02,"{""alpha"": 10.0}",4,11.661969033886777,12.359404117826456
cell_viability,raw_outcome,cell_viability,core_physics,random_rowwise,ridge,ridge_03,"{""alpha"": 1.0}",7,12.068109376906632,11.707866265641988
cell_viability,raw_outcome,cell_viability,core_physics,random_rowwise,ridge,ridge_04,"{""alpha"": 0.1}",6,11.93593113497036,11.656951713136332
cell_viability,raw_outcome,cell_viability,core_physics,random_rowwise,ridge,ridge_05,"{""alpha"": 0.01}",5,11.729127008777052,11.827851544527123
cell_viability,raw_outcome,cell_viability,full_retrospective,leave_one_publication_out,elastic_net,elastic_net_01,"{""alpha"": 1.0, ""l1_ratio"": 0.9}",31,12.836088750186535,13.587811396231407
cell_viability,raw_outcome,cell_viability,full_retrospective,leave_one_publication_out,elastic_net,elastic_net_02,"{""alpha"": 1.0, ""l1_ratio"": 0.5}",22,12.73040607612337,13.198552796027885
cell_viability,raw_outcome,cell_viability,full_retrospective,leave_one_publication_out,elastic_net,elastic_net_03,"{""alpha"": 1.0, ""l1_ratio"": 0.1}",21,14.229948272454246,11.409964217446465
cell_viability,raw_outcome,cell_viability,full_retrospective,leave_one_publication_out,elastic_net,elastic_net_05,"{""alpha"": 0.1, ""l1_ratio"": 0.5}",1,14.203037207822533,3.234880651298345
cell_viability,raw_outcome,cell_viability,full_retrospective,leave_one_publication_out,random_forest,random_forest_03,"{""max_depth"": 12, ""max_features"": 0.5, ""min_samples_leaf"": 1, ""n_estimators"": 300}",1,11.097563771123204,9.891963333768048
cell_viability,raw_outcome,cell_viability,full_retrospective,leave_one_publication_out,random_forest,random_forest_04,"{""max_depth"": 24, ""max_features"": 0.5, ""min_samples_leaf"": 3, ""n_estimators"": 300}",2,11.22989996970978,13.685963311668658
cell_viability,raw_outcome,cell_viability,full_retrospective,leave_one_publication_out,random_forest,random_forest_05,"{""max_depth"": 24, ""max_features"": 0.5, ""min_samples_leaf"": 1, ""n_estimators"": 300}",1,11.28453153050488,16.00088516269841
cell_viability,raw_outcome,cell_viability,full_retrospective,leave_one_publication_out,random_forest,random_forest_06,"{""max_depth"": null, ""max_features"": ""sqrt"", ""min_samples_leaf"": 1, ""n_estimators"": 300}",71,11.308300009191743,11.066272085115829
cell_viability,raw_outcome,cell_viability,full_retrospective,leave_one_publication_out,rbf_svr,rbf_svr_02,"{""C"": 1.0, ""epsilon"": 0.5, ""gamma"": 0.01}",46,11.26618838762999,11.607387153251382
cell_viability,raw_outcome,cell_viability,full_retrospective,leave_one_publication_out,rbf_svr,rbf_svr_04,"{""C"": 1.0, ""epsilon"": 0.1, ""gamma"": 0.01}",29,11.314753777462569,10.871227505656604
cell_viability,raw_outcome,cell_viability,full_retrospective,leave_one_publication_out,ridge,ridge_01,"{""alpha"": 100.0}",73,18.4427213574893,13.107687336860078
cell_viability,raw_outcome,cell_viability,full_retrospective,leave_one_publication_out,ridge,ridge_02,"{""alpha"": 10.0}",1,18.70514370252612,13.298408544345651
cell_viability,raw_outcome,cell_viability,full_retrospective,leave_one_publication_out,ridge,ridge_03,"{""alpha"": 1.0}",1,22.81551320388598,21.968754107852224
cell_viability,raw_outcome,cell_viability,full_retrospective,publication_grouped,elastic_net,elastic_net_01,"{""alpha"": 1.0, ""l1_ratio"": 0.9}",9,13.371556711850296,13.357185438353788
cell_viability,raw_outcome,cell_viability,full_retrospective,publication_grouped,elastic_net,elastic_net_02,"{""alpha"": 1.0, ""l1_ratio"": 0.5}",7,22.746054721692452,13.309900038053353
cell_viability,raw_outcome,cell_viability,full_retrospective,publication_grouped,elastic_net,elastic_net_03,"{""alpha"": 1.0, ""l1_ratio"": 0.1}",9,28.947220399145735,12.322346385935678
cell_viability,raw_outcome,cell_viability,full_retrospective,publication_grouped,random_forest,random_forest_02,"{""max_depth"": 12, ""max_features"": ""sqrt"", ""min_samples_leaf"": 3, ""n_estimators"": 300}",3,12.34083139636976,10.931841499134821
cell_viability,raw_outcome,cell_viability,full_retrospective,publication_grouped,random_forest,random_forest_04,"{""max_depth"": 24, ""max_features"": 0.5, ""min_samples_leaf"": 3, ""n_estimators"": 300}",2,11.121764873507516,14.373797624734985
cell_viability,raw_outcome,cell_viability,full_retrospective,publication_grouped,random_forest,random_forest_06,"{""max_depth"": null, ""max_features"": ""sqrt"", ""min_samples_leaf"": 1, ""n_estimators"": 300}",20,11.318034279066257,11.469169025885353
cell_viability,raw_outcome,cell_viability,full_retrospective,publication_grouped,rbf_svr,rbf_svr_01,"{""C"": 1.0, ""epsilon"": 0.5, ""gamma"": ""scale""}",2,11.479387921619924,10.627389872852547
cell_viability,raw_outcome,cell_viability,full_retrospective,publication_grouped,rbf_svr,rbf_svr_02,"{""C"": 1.0, ""epsilon"": 0.5, ""gamma"": 0.01}",11,11.22718325393227,11.71543054812514
cell_viability,raw_outcome,cell_viability,full_retrospective,publication_grouped,rbf_svr,rbf_svr_03,"{""C"": 1.0, ""epsilon"": 0.1, ""gamma"": ""scale""}",1,11.16523413406246,11.48307593357449
cell_viability,raw_outcome,cell_viability,full_retrospective,publication_grouped,rbf_svr,rbf_svr_04,"{""C"": 1.0, ""epsilon"": 0.1, ""gamma"": 0.01}",11,11.384974043353795,11.24927823454813
cell_viability,raw_outcome,cell_viability,full_retrospective,publication_grouped,ridge,ridge_01,"{""alpha"": 100.0}",23,38.64455956025954,13.796376899162995
cell_viability,raw_outcome,cell_viability,full_retrospective,publication_grouped,ridge,ridge_02,"{""alpha"": 10.0}",1,19.383038313279823,21.458875759844272
cell_viability,raw_outcome,cell_viability,full_retrospective,publication_grouped,ridge,ridge_03,"{""alpha"": 1.0}",1,39.67795072515857,13.558834978651962
cell_viability,raw_outcome,cell_viability,full_retrospective,random_rowwise,elastic_net,elastic_net_04,"{""alpha"": 0.1, ""l1_ratio"": 0.9}",11,10.78478548968244,10.91754032202002
cell_viability,raw_outcome,cell_viability,full_retrospective,random_rowwise,elastic_net,elastic_net_05,"{""alpha"": 0.1, ""l1_ratio"": 0.5}",4,11.093643223902347,10.386776179597597
cell_viability,raw_outcome,cell_viability,full_retrospective,random_rowwise,elastic_net,elastic_net_06,"{""alpha"": 0.1, ""l1_ratio"": 0.1}",2,11.36063907129601,9.68299998941157
cell_viability,raw_outcome,cell_viability,full_retrospective,random_rowwise,elastic_net,elastic_net_07,"{""alpha"": 0.01, ""l1_ratio"": 0.9}",7,10.630034298193987,11.052167452601081
cell_viability,raw_outcome,cell_viability,full_retrospective,random_rowwise,elastic_net,elastic_net_08,"{""alpha"": 0.01, ""l1_ratio"": 0.5}",1,10.537037590016794,11.715856538729444
cell_viability,raw_outcome,cell_viability,full_retrospective,random_rowwise,random_forest,random_forest_03,"{""max_depth"": 12, ""max_features"": 0.5, ""min_samples_leaf"": 1, ""n_estimators"": 300}",2,8.323936859346443,7.755051296213749
cell_viability,raw_outcome,cell_viability,full_retrospective,random_rowwise,random_forest,random_forest_05,"{""max_depth"": 24, ""max_features"": 0.5, ""min_samples_leaf"": 1, ""n_estimators"": 300}",20,8.105639772324086,7.503093927206938
cell_viability,raw_outcome,cell_viability,full_retrospective,random_rowwise,random_forest,random_forest_06,"{""max_depth"": null, ""max_features"": ""sqrt"", ""min_samples_leaf"": 1, ""n_estimators"": 300}",3,8.04976312426185,8.019345626177678
cell_viability,raw_outcome,cell_viability,full_retrospective,random_rowwise,rbf_svr,rbf_svr_09,"{""C"": 100.0, ""epsilon"": 0.5, ""gamma"": ""scale""}",20,8.700370328012829,7.81209311531096
cell_viability,raw_outcome,cell_viability,full_retrospective,random_rowwise,rbf_svr,rbf_svr_11,"{""C"": 100.0, ""epsilon"": 0.1, ""gamma"": ""scale""}",5,8.364411903773341,8.649113063033534
cell_viability,raw_outcome,cell_viability,full_retrospective,random_rowwise,ridge,ridge_01,"{""alpha"": 100.0}",7,10.896202857216634,11.018899609536504
cell_viability,raw_outcome,cell_viability,full_retrospective,random_rowwise,ridge,ridge_02,"{""alpha"": 10.0}",8,11.013344884024503,10.726594144565066
cell_viability,raw_outcome,cell_viability,full_retrospective,random_rowwise,ridge,ridge_03,"{""alpha"": 1.0}",8,10.86072213111792,11.019981827566662
cell_viability,raw_outcome,cell_viability,full_retrospective,random_rowwise,ridge,ridge_04,"{""alpha"": 0.1}",1,9.618430135186518,11.112887500210096
cell_viability,raw_outcome,cell_viability,full_retrospective,random_rowwise,ridge,ridge_05,"{""alpha"": 0.01}",1,11.146810697864648,11.567132258198768
cell_viability,raw_outcome,cell_viability,prospective_design,leave_one_publication_out,elastic_net,elastic_net_01,"{""alpha"": 1.0, ""l1_ratio"": 0.9}",22,13.084408640076457,14.670184698453347
cell_viability,raw_outcome,cell_viability,prospective_design,leave_one_publication_out,elastic_net,elastic_net_02,"{""alpha"": 1.0, ""l1_ratio"": 0.5}",24,12.725858130038036,12.2376458544989
cell_viability,raw_outcome,cell_viability,prospective_design,leave_one_publication_out,elastic_net,elastic_net_03,"{""alpha"": 1.0, ""l1_ratio"": 0.1}",28,13.929227624232592,11.766844547453172
cell_viability,raw_outcome,cell_viability,prospective_design,leave_one_publication_out,elastic_net,elastic_net_04,"{""alpha"": 0.1, ""l1_ratio"": 0.9}",1,14.001777640486658,4.853033893339365
cell_viability,raw_outcome,cell_viability,prospective_design,leave_one_publication_out,random_forest,random_forest_04,"{""max_depth"": 24, ""max_features"": 0.5, ""min_samples_leaf"": 3, ""n_estimators"": 300}",1,11.11664535563636,16.295778066934588
cell_viability,raw_outcome,cell_viability,prospective_design,leave_one_publication_out,random_forest,random_forest_05,"{""max_depth"": 24, ""max_features"": 0.5, ""min_samples_leaf"": 1, ""n_estimators"": 300}",1,11.357429731632273,3.895923434343446
cell_viability,raw_outcome,cell_viability,prospective_design,leave_one_publication_out,random_forest,random_forest_06,"{""max_depth"": null, ""max_features"": ""sqrt"", ""min_samples_leaf"": 1, ""n_estimators"": 300}",73,11.337149199610716,11.208276171115607
cell_viability,raw_outcome,cell_viability,prospective_design,leave_one_publication_out,rbf_svr,rbf_svr_02,"{""C"": 1.0, ""epsilon"": 0.5, ""gamma"": 0.01}",29,11.32151639799813,13.238336049639935
cell_viability,raw_outcome,cell_viability,prospective_design,leave_one_publication_out,rbf_svr,rbf_svr_03,"{""C"": 1.0, ""epsilon"": 0.1, ""gamma"": ""scale""}",1,11.07184637096772,12.29269658202523
cell_viability,raw_outcome,cell_viability,prospective_design,leave_one_publication_out,rbf_svr,rbf_svr_04,"{""C"": 1.0, ""epsilon"": 0.1, ""gamma"": 0.01}",45,11.3565687617361,10.206148930600248
cell_viability,raw_outcome,cell_viability,prospective_design,leave_one_publication_out,ridge,ridge_01,"{""alpha"": 100.0}",72,16.510419325332148,13.042922626214843
cell_viability,raw_outcome,cell_viability,prospective_design,leave_one_publication_out,ridge,ridge_02,"{""alpha"": 10.0}",1,17.11504874549113,5.532696186397885
cell_viability,raw_outcome,cell_viability,prospective_design,leave_one_publication_out,ridge,ridge_03,"{""alpha"": 1.0}",1,112.11523664273304,22.625
cell_viability,raw_outcome,cell_viability,prospective_design,leave_one_publication_out,ridge,ridge_05,"{""alpha"": 0.01}",1,27.871066828679663,22.6001860592548
cell_viability,raw_outcome,cell_viability,prospective_design,publication_grouped,elastic_net,elastic_net_01,"{""alpha"": 1.0, ""l1_ratio"": 0.9}",11,15.560293284738401,13.407273045943924
cell_viability,raw_outcome,cell_viability,prospective_design,publication_grouped,elastic_net,elastic_net_02,"{""alpha"": 1.0, ""l1_ratio"": 0.5}",4,13.712980055099376,13.950361262231048
cell_viability,raw_outcome,cell_viability,prospective_design,publication_grouped,elastic_net,elastic_net_03,"{""alpha"": 1.0, ""l1_ratio"": 0.1}",10,25.682817745032775,12.490396850592651
cell_viability,raw_outcome,cell_viability,prospective_design,publication_grouped,random_forest,random_forest_03,"{""max_depth"": 12, ""max_features"": 0.5, ""min_samples_leaf"": 1, ""n_estimators"": 300}",1,10.891161031670464,14.326180093884965
cell_viability,raw_outcome,cell_viability,prospective_design,publication_grouped,random_forest,random_forest_04,"{""max_depth"": 24, ""max_features"": 0.5, ""min_samples_leaf"": 3, ""n_estimators"": 300}",1,11.595506474226069,15.129642052789126
cell_viability,raw_outcome,cell_viability,prospective_design,publication_grouped,random_forest,random_forest_06,"{""max_depth"": null, ""max_features"": ""sqrt"", ""min_samples_leaf"": 1, ""n_estimators"": 300}",23,11.46392140335767,11.463071609717941
cell_viability,raw_outcome,cell_viability,prospective_design,publication_grouped,rbf_svr,rbf_svr_02,"{""C"": 1.0, ""epsilon"": 0.5, ""gamma"": 0.01}",8,11.263785312258582,12.163120715949006
cell_viability,raw_outcome,cell_viability,prospective_design,publication_grouped,rbf_svr,rbf_svr_03,"{""C"": 1.0, ""epsilon"": 0.1, ""gamma"": ""scale""}",2,11.254724906934989,11.063231332180788
cell_viability,raw_outcome,cell_viability,prospective_design,publication_grouped,rbf_svr,rbf_svr_04,"{""C"": 1.0, ""epsilon"": 0.1, ""gamma"": 0.01}",15,11.451902862139125,11.211037937795309
cell_viability,raw_outcome,cell_viability,prospective_design,publication_grouped,ridge,ridge_01,"{""alpha"": 100.0}",23,33.418002056728994,13.772048878083416
cell_viability,raw_outcome,cell_viability,prospective_design,publication_grouped,ridge,ridge_02,"{""alpha"": 10.0}",2,20.447166600627412,18.349961250470486
cell_viability,raw_outcome,cell_viability,prospective_design,random_rowwise,elastic_net,elastic_net_04,"{""alpha"": 0.1, ""l1_ratio"": 0.9}",3,11.145367016361254,11.248039349032501
cell_viability,raw_outcome,cell_viability,prospective_design,random_rowwise,elastic_net,elastic_net_05,"{""alpha"": 0.1, ""l1_ratio"": 0.5}",2,11.515425384677037,10.441769962969808
cell_viability,raw_outcome,cell_viability,prospective_design,random_rowwise,elastic_net,elastic_net_06,"{""alpha"": 0.1, ""l1_ratio"": 0.1}",7,10.8841987243494,11.402238958855815
cell_viability,raw_outcome,cell_viability,prospective_design,random_rowwise,elastic_net,elastic_net_07,"{""alpha"": 0.01, ""l1_ratio"": 0.9}",10,10.86603393824217,10.882760218063158
cell_viability,raw_outcome,cell_viability,prospective_design,random_rowwise,elastic_net,elastic_net_08,"{""alpha"": 0.01, ""l1_ratio"": 0.5}",2,11.088547347180668,10.695405668863405
cell_viability,raw_outcome,cell_viability,prospective_design,random_rowwise,elastic_net,elastic_net_09,"{""alpha"": 0.01, ""l1_ratio"": 0.1}",1,11.323454414694153,10.438312340729732
cell_viability,raw_outcome,cell_viability,prospective_design,random_rowwise,random_forest,random_forest_03,"{""max_depth"": 12, ""max_features"": 0.5, ""min_samples_leaf"": 1, ""n_estimators"": 300}",2,8.276686865512275,7.700973466939036
cell_viability,raw_outcome,cell_viability,prospective_design,random_rowwise,random_forest,random_forest_05,"{""max_depth"": 24, ""max_features"": 0.5, ""min_samples_leaf"": 1, ""n_estimators"": 300}",17,8.175696628616212,7.575990170056866
cell_viability,raw_outcome,cell_viability,prospective_design,random_rowwise,random_forest,random_forest_06,"{""max_depth"": null, ""max_features"": ""sqrt"", ""min_samples_leaf"": 1, ""n_estimators"": 300}",6,8.341813843656288,7.956442889186188
cell_viability,raw_outcome,cell_viability,prospective_design,random_rowwise,rbf_svr,rbf_svr_09,"{""C"": 100.0, ""epsilon"": 0.5, ""gamma"": ""scale""}",19,8.538177099999212,7.917029155732415
cell_viability,raw_outcome,cell_viability,prospective_design,random_rowwise,rbf_svr,rbf_svr_11,"{""C"": 100.0, ""epsilon"": 0.1, ""gamma"": ""scale""}",6,8.655393588507238,7.9182368755682475
cell_viability,raw_outcome,cell_viability,prospective_design,random_rowwise,ridge,ridge_01,"{""alpha"": 100.0}",7,11.022420812335394,11.198637621931214
cell_viability,raw_outcome,cell_viability,prospective_design,random_rowwise,ridge,ridge_02,"{""alpha"": 10.0}",5,11.172497130909058,11.537316200018727
cell_viability,raw_outcome,cell_viability,prospective_design,random_rowwise,ridge,ridge_03,"{""alpha"": 1.0}",10,11.118242656269713,10.497435588056566
cell_viability,raw_outcome,cell_viability,prospective_design,random_rowwise,ridge,ridge_04,"{""alpha"": 0.1}",3,10.372631202403367,12.01334569989878
filament_diameter,filament_to_nozzle_ratio,filament_to_nozzle_ratio,core_physics,leave_one_publication_out,elastic_net,elastic_net_01,"{""alpha"": 1.0, ""l1_ratio"": 0.9}",54,0.7913792518293896,0.7883968329544613
filament_diameter,filament_to_nozzle_ratio,filament_to_nozzle_ratio,core_physics,leave_one_publication_out,random_forest,random_forest_01,"{""max_depth"": 8, ""max_features"": ""sqrt"", ""min_samples_leaf"": 5, ""n_estimators"": 300}",50,0.8609046870393633,0.7929318117905504
filament_diameter,filament_to_nozzle_ratio,filament_to_nozzle_ratio,core_physics,leave_one_publication_out,random_forest,random_forest_02,"{""max_depth"": 12, ""max_features"": ""sqrt"", ""min_samples_leaf"": 3, ""n_estimators"": 300}",3,0.8591092768256877,0.6916714491708963
filament_diameter,filament_to_nozzle_ratio,filament_to_nozzle_ratio,core_physics,leave_one_publication_out,random_forest,random_forest_06,"{""max_depth"": null, ""max_features"": ""sqrt"", ""min_samples_leaf"": 1, ""n_estimators"": 300}",1,0.7254283997510348,5.146076746506201
filament_diameter,filament_to_nozzle_ratio,filament_to_nozzle_ratio,core_physics,leave_one_publication_out,rbf_svr,rbf_svr_01,"{""C"": 1.0, ""epsilon"": 0.5, ""gamma"": ""scale""}",18,0.8260127496688922,0.6216797830717211
filament_diameter,filament_to_nozzle_ratio,filament_to_nozzle_ratio,core_physics,leave_one_publication_out,rbf_svr,rbf_svr_02,"{""C"": 1.0, ""epsilon"": 0.5, ""gamma"": 0.01}",19,0.8220377253253909,1.0214287130179582
filament_diameter,filament_to_nozzle_ratio,filament_to_nozzle_ratio,core_physics,leave_one_publication_out,rbf_svr,rbf_svr_03,"{""C"": 1.0, ""epsilon"": 0.1, ""gamma"": ""scale""}",15,0.8153676469285529,0.9307538000016032
filament_diameter,filament_to_nozzle_ratio,filament_to_nozzle_ratio,core_physics,leave_one_publication_out,rbf_svr,rbf_svr_04,"{""C"": 1.0, ""epsilon"": 0.1, ""gamma"": 0.01}",1,0.8316950063530262,0.3124530189900782
filament_diameter,filament_to_nozzle_ratio,filament_to_nozzle_ratio,core_physics,leave_one_publication_out,rbf_svr,rbf_svr_09,"{""C"": 100.0, ""epsilon"": 0.5, ""gamma"": ""scale""}",1,0.8437065947099165,0.6392091961438846
filament_diameter,filament_to_nozzle_ratio,filament_to_nozzle_ratio,core_physics,leave_one_publication_out,ridge,ridge_01,"{""alpha"": 100.0}",54,1.1227852738703166,1.02809835892249
filament_diameter,filament_to_nozzle_ratio,filament_to_nozzle_ratio,core_physics,publication_grouped,elastic_net,elastic_net_01,"{""alpha"": 1.0, ""l1_ratio"": 0.9}",24,0.791215390913727,0.7995817329799467
filament_diameter,filament_to_nozzle_ratio,filament_to_nozzle_ratio,core_physics,publication_grouped,elastic_net,elastic_net_02,"{""alpha"": 1.0, ""l1_ratio"": 0.5}",1,0.8079359212160708,1.2378139062218638
filament_diameter,filament_to_nozzle_ratio,filament_to_nozzle_ratio,core_physics,publication_grouped,random_forest,random_forest_01,"{""max_depth"": 8, ""max_features"": ""sqrt"", ""min_samples_leaf"": 5, ""n_estimators"": 300}",20,0.8518597697338375,0.8795549380274762
filament_diameter,filament_to_nozzle_ratio,filament_to_nozzle_ratio,core_physics,publication_grouped,random_forest,random_forest_02,"{""max_depth"": 12, ""max_features"": ""sqrt"", ""min_samples_leaf"": 3, ""n_estimators"": 300}",4,0.905618036495157,0.8147913793273058
filament_diameter,filament_to_nozzle_ratio,filament_to_nozzle_ratio,core_physics,publication_grouped,random_forest,random_forest_06,"{""max_depth"": null, ""max_features"": ""sqrt"", ""min_samples_leaf"": 1, ""n_estimators"": 300}",1,0.7115158088449944,1.1683121770075615
filament_diameter,filament_to_nozzle_ratio,filament_to_nozzle_ratio,core_physics,publication_grouped,rbf_svr,rbf_svr_01,"{""C"": 1.0, ""epsilon"": 0.5, ""gamma"": ""scale""}",6,0.8726221823696497,0.6884824903850095
filament_diameter,filament_to_nozzle_ratio,filament_to_nozzle_ratio,core_physics,publication_grouped,rbf_svr,rbf_svr_02,"{""C"": 1.0, ""epsilon"": 0.5, ""gamma"": 0.01}",11,0.7966805368164832,0.8838601880419946
filament_diameter,filament_to_nozzle_ratio,filament_to_nozzle_ratio,core_physics,publication_grouped,rbf_svr,rbf_svr_03,"{""C"": 1.0, ""epsilon"": 0.1, ""gamma"": ""scale""}",7,0.7991980333571844,0.8893588816639645
filament_diameter,filament_to_nozzle_ratio,filament_to_nozzle_ratio,core_physics,publication_grouped,rbf_svr,rbf_svr_04,"{""C"": 1.0, ""epsilon"": 0.1, ""gamma"": 0.01}",1,0.8222294098444675,1.067888329422827
filament_diameter,filament_to_nozzle_ratio,filament_to_nozzle_ratio,core_physics,publication_grouped,ridge,ridge_01,"{""alpha"": 100.0}",25,1.036538714917297,1.1405920158553715
filament_diameter,filament_to_nozzle_ratio,filament_to_nozzle_ratio,core_physics,random_rowwise,elastic_net,elastic_net_01,"{""alpha"": 1.0, ""l1_ratio"": 0.9}",4,0.7599328245788535,0.7532183002050412
filament_diameter,filament_to_nozzle_ratio,filament_to_nozzle_ratio,core_physics,random_rowwise,elastic_net,elastic_net_05,"{""alpha"": 0.1, ""l1_ratio"": 0.5}",3,0.7234491399318728,0.7183539424843309
filament_diameter,filament_to_nozzle_ratio,filament_to_nozzle_ratio,core_physics,random_rowwise,elastic_net,elastic_net_06,"{""alpha"": 0.1, ""l1_ratio"": 0.1}",11,0.7106836347064017,0.7562314330848455
filament_diameter,filament_to_nozzle_ratio,filament_to_nozzle_ratio,core_physics,random_rowwise,elastic_net,elastic_net_07,"{""alpha"": 0.01, ""l1_ratio"": 0.9}",6,0.7118056603879624,0.7883961423449256
filament_diameter,filament_to_nozzle_ratio,filament_to_nozzle_ratio,core_physics,random_rowwise,elastic_net,elastic_net_08,"{""alpha"": 0.01, ""l1_ratio"": 0.5}",1,0.7238087833169558,0.7000772556378143
filament_diameter,filament_to_nozzle_ratio,filament_to_nozzle_ratio,core_physics,random_rowwise,random_forest,random_forest_03,"{""max_depth"": 12, ""max_features"": 0.5, ""min_samples_leaf"": 1, ""n_estimators"": 300}",1,0.423596870753388,0.2427770229641143
filament_diameter,filament_to_nozzle_ratio,filament_to_nozzle_ratio,core_physics,random_rowwise,random_forest,random_forest_05,"{""max_depth"": 24, ""max_features"": 0.5, ""min_samples_leaf"": 1, ""n_estimators"": 300}",1,0.3825443915280359,0.3778052458953972
filament_diameter,filament_to_nozzle_ratio,filament_to_nozzle_ratio,core_physics,random_rowwise,random_forest,random_forest_06,"{""max_depth"": null, ""max_features"": ""sqrt"", ""min_samples_leaf"": 1, ""n_estimators"": 300}",23,0.42008163227173473,0.381279460404118
filament_diameter,filament_to_nozzle_ratio,filament_to_nozzle_ratio,core_physics,random_rowwise,rbf_svr,rbf_svr_07,"{""C"": 10.0, ""epsilon"": 0.1, ""gamma"": ""scale""}",25,0.4227695243483452,0.36426242756624627
filament_diameter,filament_to_nozzle_ratio,filament_to_nozzle_ratio,core_physics,random_rowwise,ridge,ridge_01,"{""alpha"": 100.0}",6,0.760816116433419,0.686862336614752
filament_diameter,filament_to_nozzle_ratio,filament_to_nozzle_ratio,core_physics,random_rowwise,ridge,ridge_02,"{""alpha"": 10.0}",14,0.71083106754,0.7565176189216892
filament_diameter,filament_to_nozzle_ratio,filament_to_nozzle_ratio,core_physics,random_rowwise,ridge,ridge_03,"{""alpha"": 1.0}",3,0.7339518189118094,0.7663005105808036
filament_diameter,filament_to_nozzle_ratio,filament_to_nozzle_ratio,core_physics,random_rowwise,ridge,ridge_05,"{""alpha"": 0.01}",2,0.7225931686394567,0.8690175420596746
filament_diameter,filament_to_nozzle_ratio,filament_to_nozzle_ratio,full_retrospective,leave_one_publication_out,elastic_net,elastic_net_01,"{""alpha"": 1.0, ""l1_ratio"": 0.9}",54,0.7913792518293896,0.7883968329544613
filament_diameter,filament_to_nozzle_ratio,filament_to_nozzle_ratio,full_retrospective,leave_one_publication_out,random_forest,random_forest_01,"{""max_depth"": 8, ""max_features"": ""sqrt"", ""min_samples_leaf"": 5, ""n_estimators"": 300}",40,0.7882722065818673,0.7526049183295556
filament_diameter,filament_to_nozzle_ratio,filament_to_nozzle_ratio,full_retrospective,leave_one_publication_out,random_forest,random_forest_02,"{""max_depth"": 12, ""max_features"": ""sqrt"", ""min_samples_leaf"": 3, ""n_estimators"": 300}",11,0.7777971217268587,1.1143310308855972
filament_diameter,filament_to_nozzle_ratio,filament_to_nozzle_ratio,full_retrospective,leave_one_publication_out,random_forest,random_forest_04,"{""max_depth"": 24, ""max_features"": 0.5, ""min_samples_leaf"": 3, ""n_estimators"": 300}",2,0.7214778056181845,0.6881494519618828
filament_diameter,filament_to_nozzle_ratio,filament_to_nozzle_ratio,full_retrospective,leave_one_publication_out,random_forest,random_forest_06,"{""max_depth"": null, ""max_features"": ""sqrt"", ""min_samples_leaf"": 1, ""n_estimators"": 300}",1,0.8349834817920572,0.3666357718615514
filament_diameter,filament_to_nozzle_ratio,filament_to_nozzle_ratio,full_retrospective,leave_one_publication_out,rbf_svr,rbf_svr_01,"{""C"": 1.0, ""epsilon"": 0.5, ""gamma"": ""scale""}",5,0.8043539730542111,0.5045207966047738
filament_diameter,filament_to_nozzle_ratio,filament_to_nozzle_ratio,full_retrospective,leave_one_publication_out,rbf_svr,rbf_svr_02,"{""C"": 1.0, ""epsilon"": 0.5, ""gamma"": 0.01}",11,0.7540651750462452,1.213844393752654
filament_diameter,filament_to_nozzle_ratio,filament_to_nozzle_ratio,full_retrospective,leave_one_publication_out,rbf_svr,rbf_svr_03,"{""C"": 1.0, ""epsilon"": 0.1, ""gamma"": ""scale""}",19,0.7757325332277989,0.7331148496995962
filament_diameter,filament_to_nozzle_ratio,filament_to_nozzle_ratio,full_retrospective,leave_one_publication_out,rbf_svr,rbf_svr_04,"{""C"": 1.0, ""epsilon"": 0.1, ""gamma"": 0.01}",19,0.7612502231865439,0.6383320453714846
filament_diameter,filament_to_nozzle_ratio,filament_to_nozzle_ratio,full_retrospective,leave_one_publication_out,ridge,ridge_01,"{""alpha"": 100.0}",46,1.9554567973616344,1.3515844890188817
filament_diameter,filament_to_nozzle_ratio,filament_to_nozzle_ratio,full_retrospective,leave_one_publication_out,ridge,ridge_02,"{""alpha"": 10.0}",7,2.4963524643166717,1.4023067204664883
filament_diameter,filament_to_nozzle_ratio,filament_to_nozzle_ratio,full_retrospective,leave_one_publication_out,ridge,ridge_03,"{""alpha"": 1.0}",1,2.139475722580597,1.5819764026971663
filament_diameter,filament_to_nozzle_ratio,filament_to_nozzle_ratio,full_retrospective,publication_grouped,elastic_net,elastic_net_01,"{""alpha"": 1.0, ""l1_ratio"": 0.9}",24,0.791215390913727,0.7995817329799467
filament_diameter,filament_to_nozzle_ratio,filament_to_nozzle_ratio,full_retrospective,publication_grouped,elastic_net,elastic_net_02,"{""alpha"": 1.0, ""l1_ratio"": 0.5}",1,0.807686809674574,1.2378139062218638
filament_diameter,filament_to_nozzle_ratio,filament_to_nozzle_ratio,full_retrospective,publication_grouped,random_forest,random_forest_01,"{""max_depth"": 8, ""max_features"": ""sqrt"", ""min_samples_leaf"": 5, ""n_estimators"": 300}",13,0.7920836642201233,0.8039618248314624
filament_diameter,filament_to_nozzle_ratio,filament_to_nozzle_ratio,full_retrospective,publication_grouped,random_forest,random_forest_02,"{""max_depth"": 12, ""max_features"": ""sqrt"", ""min_samples_leaf"": 3, ""n_estimators"": 300}",6,0.8081748135358833,0.7082443545960868
filament_diameter,filament_to_nozzle_ratio,filament_to_nozzle_ratio,full_retrospective,publication_grouped,random_forest,random_forest_04,"{""max_depth"": 24, ""max_features"": 0.5, ""min_samples_leaf"": 3, ""n_estimators"": 300}",2,0.8051940477284119,0.8060292603257164
filament_diameter,filament_to_nozzle_ratio,filament_to_nozzle_ratio,full_retrospective,publication_grouped,random_forest,random_forest_06,"{""max_depth"": null, ""max_features"": ""sqrt"", ""min_samples_leaf"": 1, ""n_estimators"": 300}",4,0.7115074919997026,1.0886860369036073
filament_diameter,filament_to_nozzle_ratio,filament_to_nozzle_ratio,full_retrospective,publication_grouped,rbf_svr,rbf_svr_01,"{""C"": 1.0, ""epsilon"": 0.5, ""gamma"": ""scale""}",1,0.6858178110422939,1.0198578044222228
filament_diameter,filament_to_nozzle_ratio,filament_to_nozzle_ratio,full_retrospective,publication_grouped,rbf_svr,rbf_svr_02,"{""C"": 1.0, ""epsilon"": 0.5, ""gamma"": 0.01}",2,0.7490215159775273,0.9189003213879634
filament_diameter,filament_to_nozzle_ratio,filament_to_nozzle_ratio,full_retrospective,publication_grouped,rbf_svr,rbf_svr_03,"{""C"": 1.0, ""epsilon"": 0.1, ""gamma"": ""scale""}",10,0.7486162661158142,0.8564050839811002
filament_diameter,filament_to_nozzle_ratio,filament_to_nozzle_ratio,full_retrospective,publication_grouped,rbf_svr,rbf_svr_04,"{""C"": 1.0, ""epsilon"": 0.1, ""gamma"": 0.01}",12,0.786785511856067,0.6918947180797718
filament_diameter,filament_to_nozzle_ratio,filament_to_nozzle_ratio,full_retrospective,publication_grouped,ridge,ridge_01,"{""alpha"": 100.0}",22,2.8294353082554635,1.600738578899157
filament_diameter,filament_to_nozzle_ratio,filament_to_nozzle_ratio,full_retrospective,publication_grouped,ridge,ridge_03,"{""alpha"": 1.0}",2,2.381773966867085,8.61952407004248
filament_diameter,filament_to_nozzle_ratio,filament_to_nozzle_ratio,full_retrospective,publication_grouped,ridge,ridge_04,"{""alpha"": 0.1}",1,2.0348639617679005,1.8383369747366505
filament_diameter,filament_to_nozzle_ratio,filament_to_nozzle_ratio,full_retrospective,random_rowwise,elastic_net,elastic_net_06,"{""alpha"": 0.1, ""l1_ratio"": 0.1}",3,0.6216191650686894,0.6308526266532971
filament_diameter,filament_to_nozzle_ratio,filament_to_nozzle_ratio,full_retrospective,random_rowwise,elastic_net,elastic_net_07,"{""alpha"": 0.01, ""l1_ratio"": 0.9}",11,0.5967238470501129,0.5349592386345844
filament_diameter,filament_to_nozzle_ratio,filament_to_nozzle_ratio,full_retrospective,random_rowwise,elastic_net,elastic_net_08,"{""alpha"": 0.01, ""l1_ratio"": 0.5}",4,0.6091572951393293,0.5641988004397326
filament_diameter,filament_to_nozzle_ratio,filament_to_nozzle_ratio,full_retrospective,random_rowwise,elastic_net,elastic_net_09,"{""alpha"": 0.01, ""l1_ratio"": 0.1}",7,0.5501087757763267,0.6517256049693271
filament_diameter,filament_to_nozzle_ratio,filament_to_nozzle_ratio,full_retrospective,random_rowwise,random_forest,random_forest_03,"{""max_depth"": 12, ""max_features"": 0.5, ""min_samples_leaf"": 1, ""n_estimators"": 300}",1,0.3654100586499359,0.376109606010762
filament_diameter,filament_to_nozzle_ratio,filament_to_nozzle_ratio,full_retrospective,random_rowwise,random_forest,random_forest_05,"{""max_depth"": 24, ""max_features"": 0.5, ""min_samples_leaf"": 1, ""n_estimators"": 300}",2,0.3661430120933802,0.3252386363482602
filament_diameter,filament_to_nozzle_ratio,filament_to_nozzle_ratio,full_retrospective,random_rowwise,random_forest,random_forest_06,"{""max_depth"": null, ""max_features"": ""sqrt"", ""min_samples_leaf"": 1, ""n_estimators"": 300}",22,0.37001175407865894,0.3205116773314098
filament_diameter,filament_to_nozzle_ratio,filament_to_nozzle_ratio,full_retrospective,random_rowwise,rbf_svr,rbf_svr_07,"{""C"": 10.0, ""epsilon"": 0.1, ""gamma"": ""scale""}",15,0.360570039842656,0.3286519296414547
filament_diameter,filament_to_nozzle_ratio,filament_to_nozzle_ratio,full_retrospective,random_rowwise,rbf_svr,rbf_svr_11,"{""C"": 100.0, ""epsilon"": 0.1, ""gamma"": ""scale""}",7,0.36828572762723333,0.29384254237786606
filament_diameter,filament_to_nozzle_ratio,filament_to_nozzle_ratio,full_retrospective,random_rowwise,rbf_svr,rbf_svr_12,"{""C"": 100.0, ""epsilon"": 0.1, ""gamma"": 0.01}",3,0.390782539746026,0.3829491367754823
filament_diameter,filament_to_nozzle_ratio,filament_to_nozzle_ratio,full_retrospective,random_rowwise,ridge,ridge_01,"{""alpha"": 100.0}",2,0.6541413608353209,0.608731143967146
filament_diameter,filament_to_nozzle_ratio,filament_to_nozzle_ratio,full_retrospective,random_rowwise,ridge,ridge_02,"{""alpha"": 10.0}",8,0.6200719711464965,0.5648281901892671
filament_diameter,filament_to_nozzle_ratio,filament_to_nozzle_ratio,full_retrospective,random_rowwise,ridge,ridge_03,"{""alpha"": 1.0}",10,0.5632718959154538,0.6197723348356043
filament_diameter,filament_to_nozzle_ratio,filament_to_nozzle_ratio,full_retrospective,random_rowwise,ridge,ridge_04,"{""alpha"": 0.1}",4,0.5601545596006816,0.5830928571088555
filament_diameter,filament_to_nozzle_ratio,filament_to_nozzle_ratio,full_retrospective,random_rowwise,ridge,ridge_05,"{""alpha"": 0.01}",1,0.551201800880133,0.5864749620871192
filament_diameter,filament_to_nozzle_ratio,filament_to_nozzle_ratio,prospective_design,leave_one_publication_out,elastic_net,elastic_net_01,"{""alpha"": 1.0, ""l1_ratio"": 0.9}",54,0.7913792518293896,0.7883968329544613
filament_diameter,filament_to_nozzle_ratio,filament_to_nozzle_ratio,prospective_design,leave_one_publication_out,random_forest,random_forest_01,"{""max_depth"": 8, ""max_features"": ""sqrt"", ""min_samples_leaf"": 5, ""n_estimators"": 300}",49,0.8535912600136886,0.8068243144769852
filament_diameter,filament_to_nozzle_ratio,filament_to_nozzle_ratio,prospective_design,leave_one_publication_out,random_forest,random_forest_02,"{""max_depth"": 12, ""max_features"": ""sqrt"", ""min_samples_leaf"": 3, ""n_estimators"": 300}",4,0.8184925131495255,1.6200902133238615
filament_diameter,filament_to_nozzle_ratio,filament_to_nozzle_ratio,prospective_design,leave_one_publication_out,random_forest,random_forest_06,"{""max_depth"": null, ""max_features"": ""sqrt"", ""min_samples_leaf"": 1, ""n_estimators"": 300}",1,0.8124632001494668,1.271452107895151
filament_diameter,filament_to_nozzle_ratio,filament_to_nozzle_ratio,prospective_design,leave_one_publication_out,rbf_svr,rbf_svr_01,"{""C"": 1.0, ""epsilon"": 0.5, ""gamma"": ""scale""}",18,0.8141598046918213,0.8656562859660044
filament_diameter,filament_to_nozzle_ratio,filament_to_nozzle_ratio,prospective_design,leave_one_publication_out,rbf_svr,rbf_svr_02,"{""C"": 1.0, ""epsilon"": 0.5, ""gamma"": 0.01}",13,0.8038650598419164,0.688555231853462
filament_diameter,filament_to_nozzle_ratio,filament_to_nozzle_ratio,prospective_design,leave_one_publication_out,rbf_svr,rbf_svr_03,"{""C"": 1.0, ""epsilon"": 0.1, ""gamma"": ""scale""}",12,0.8229569550342566,0.9473800548271113
filament_diameter,filament_to_nozzle_ratio,filament_to_nozzle_ratio,prospective_design,leave_one_publication_out,rbf_svr,rbf_svr_04,"{""C"": 1.0, ""epsilon"": 0.1, ""gamma"": 0.01}",11,0.7976791828007008,0.762657834344608
filament_diameter,filament_to_nozzle_ratio,filament_to_nozzle_ratio,prospective_design,leave_one_publication_out,ridge,ridge_01,"{""alpha"": 100.0}",51,1.670017346856118,1.408886591316859
filament_diameter,filament_to_nozzle_ratio,filament_to_nozzle_ratio,prospective_design,leave_one_publication_out,ridge,ridge_03,"{""alpha"": 1.0}",3,2.5330837543657054,1.1742866922137012
filament_diameter,filament_to_nozzle_ratio,filament_to_nozzle_ratio,prospective_design,publication_grouped,elastic_net,elastic_net_01,"{""alpha"": 1.0, ""l1_ratio"": 0.9}",24,0.791215390913727,0.7995817329799467
filament_diameter,filament_to_nozzle_ratio,filament_to_nozzle_ratio,prospective_design,publication_grouped,elastic_net,elastic_net_02,"{""alpha"": 1.0, ""l1_ratio"": 0.5}",1,0.8079359212160708,1.2378139062218638
filament_diameter,filament_to_nozzle_ratio,filament_to_nozzle_ratio,prospective_design,publication_grouped,random_forest,random_forest_01,"{""max_depth"": 8, ""max_features"": ""sqrt"", ""min_samples_leaf"": 5, ""n_estimators"": 300}",15,0.8874598079988112,0.7859927824651141
filament_diameter,filament_to_nozzle_ratio,filament_to_nozzle_ratio,prospective_design,publication_grouped,random_forest,random_forest_02,"{""max_depth"": 12, ""max_features"": ""sqrt"", ""min_samples_leaf"": 3, ""n_estimators"": 300}",6,0.8387243600807032,0.8880403375879333
filament_diameter,filament_to_nozzle_ratio,filament_to_nozzle_ratio,prospective_design,publication_grouped,random_forest,random_forest_06,"{""max_depth"": null, ""max_features"": ""sqrt"", ""min_samples_leaf"": 1, ""n_estimators"": 300}",4,0.7225902418450079,1.209945796686311
filament_diameter,filament_to_nozzle_ratio,filament_to_nozzle_ratio,prospective_design,publication_grouped,rbf_svr,rbf_svr_01,"{""C"": 1.0, ""epsilon"": 0.5, ""gamma"": ""scale""}",4,0.8521204521847878,0.7099046722497637
filament_diameter,filament_to_nozzle_ratio,filament_to_nozzle_ratio,prospective_design,publication_grouped,rbf_svr,rbf_svr_02,"{""C"": 1.0, ""epsilon"": 0.5, ""gamma"": 0.01}",5,0.7728503029089504,0.9676670889752463
filament_diameter,filament_to_nozzle_ratio,filament_to_nozzle_ratio,prospective_design,publication_grouped,rbf_svr,rbf_svr_03,"{""C"": 1.0, ""epsilon"": 0.1, ""gamma"": ""scale""}",8,0.7817896958455985,0.9177884170610385
filament_diameter,filament_to_nozzle_ratio,filament_to_nozzle_ratio,prospective_design,publication_grouped,rbf_svr,rbf_svr_04,"{""C"": 1.0, ""epsilon"": 0.1, ""gamma"": 0.01}",8,0.8021687753938389,0.719706721104906
filament_diameter,filament_to_nozzle_ratio,filament_to_nozzle_ratio,prospective_design,publication_grouped,ridge,ridge_01,"{""alpha"": 100.0}",24,2.18536598865102,1.3916272006043784
filament_diameter,filament_to_nozzle_ratio,filament_to_nozzle_ratio,prospective_design,publication_grouped,ridge,ridge_04,"{""alpha"": 0.1}",1,5.661571685873037,6.29014536073387
filament_diameter,filament_to_nozzle_ratio,filament_to_nozzle_ratio,prospective_design,random_rowwise,elastic_net,elastic_net_01,"{""alpha"": 1.0, ""l1_ratio"": 0.9}",3,0.7438437265349016,0.7782349446906544
filament_diameter,filament_to_nozzle_ratio,filament_to_nozzle_ratio,prospective_design,random_rowwise,elastic_net,elastic_net_06,"{""alpha"": 0.1, ""l1_ratio"": 0.1}",2,0.64627938560855,0.6477013398306133
filament_diameter,filament_to_nozzle_ratio,filament_to_nozzle_ratio,prospective_design,random_rowwise,elastic_net,elastic_net_07,"{""alpha"": 0.01, ""l1_ratio"": 0.9}",8,0.6193947838792736,0.5886910716648779
filament_diameter,filament_to_nozzle_ratio,filament_to_nozzle_ratio,prospective_design,random_rowwise,elastic_net,elastic_net_08,"{""alpha"": 0.01, ""l1_ratio"": 0.5}",2,0.5703018385671479,0.7291036507658062
filament_diameter,filament_to_nozzle_ratio,filament_to_nozzle_ratio,prospective_design,random_rowwise,elastic_net,elastic_net_09,"{""alpha"": 0.01, ""l1_ratio"": 0.1}",10,0.6290888608100424,0.6608026705876591
filament_diameter,filament_to_nozzle_ratio,filament_to_nozzle_ratio,prospective_design,random_rowwise,random_forest,random_forest_05,"{""max_depth"": 24, ""max_features"": 0.5, ""min_samples_leaf"": 1, ""n_estimators"": 300}",2,0.38043065742215154,0.41625861896929073
filament_diameter,filament_to_nozzle_ratio,filament_to_nozzle_ratio,prospective_design,random_rowwise,random_forest,random_forest_06,"{""max_depth"": null, ""max_features"": ""sqrt"", ""min_samples_leaf"": 1, ""n_estimators"": 300}",23,0.39353491489572046,0.3380536841241786
filament_diameter,filament_to_nozzle_ratio,filament_to_nozzle_ratio,prospective_design,random_rowwise,rbf_svr,rbf_svr_07,"{""C"": 10.0, ""epsilon"": 0.1, ""gamma"": ""scale""}",17,0.3797537548099015,0.3402094111331721
filament_diameter,filament_to_nozzle_ratio,filament_to_nozzle_ratio,prospective_design,random_rowwise,rbf_svr,rbf_svr_11,"{""C"": 100.0, ""epsilon"": 0.1, ""gamma"": ""scale""}",7,0.37723712730797526,0.31278621591874184
filament_diameter,filament_to_nozzle_ratio,filament_to_nozzle_ratio,prospective_design,random_rowwise,rbf_svr,rbf_svr_12,"{""C"": 100.0, ""epsilon"": 0.1, ""gamma"": 0.01}",1,0.3909372253489462,0.3930223037596222
filament_diameter,filament_to_nozzle_ratio,filament_to_nozzle_ratio,prospective_design,random_rowwise,ridge,ridge_01,"{""alpha"": 100.0}",3,0.7875564609805065,0.6474054476298003
filament_diameter,filament_to_nozzle_ratio,filament_to_nozzle_ratio,prospective_design,random_rowwise,ridge,ridge_02,"{""alpha"": 10.0}",5,0.6342774691245199,0.575567643543398
filament_diameter,filament_to_nozzle_ratio,filament_to_nozzle_ratio,prospective_design,random_rowwise,ridge,ridge_03,"{""alpha"": 1.0}",14,0.6294949869238412,0.6650239380879878
filament_diameter,filament_to_nozzle_ratio,filament_to_nozzle_ratio,prospective_design,random_rowwise,ridge,ridge_04,"{""alpha"": 0.1}",2,0.5691970403444858,0.6619093551222743
filament_diameter,filament_to_nozzle_ratio,filament_to_nozzle_ratio,prospective_design,random_rowwise,ridge,ridge_05,"{""alpha"": 0.01}",1,0.6733244774443772,0.627527020837233
filament_diameter,raw_outcome,filament_diameter,core_physics,leave_one_publication_out,elastic_net,elastic_net_02,"{""alpha"": 1.0, ""l1_ratio"": 0.5}",3,317.59102802439,1315.6100493243896
filament_diameter,raw_outcome,filament_diameter,core_physics,leave_one_publication_out,elastic_net,elastic_net_03,"{""alpha"": 1.0, ""l1_ratio"": 0.1}",50,348.99393176070305,284.6470389229609
filament_diameter,raw_outcome,filament_diameter,core_physics,leave_one_publication_out,elastic_net,elastic_net_07,"{""alpha"": 0.01, ""l1_ratio"": 0.9}",1,370.1174669450088,751.5043709077637
filament_diameter,raw_outcome,filament_diameter,core_physics,leave_one_publication_out,random_forest,random_forest_01,"{""max_depth"": 8, ""max_features"": ""sqrt"", ""min_samples_leaf"": 5, ""n_estimators"": 300}",8,286.64989915675795,329.41630779055527
filament_diameter,raw_outcome,filament_diameter,core_physics,leave_one_publication_out,random_forest,random_forest_02,"{""max_depth"": 12, ""max_features"": ""sqrt"", ""min_samples_leaf"": 3, ""n_estimators"": 300}",16,281.15490908200184,295.51398202758367
filament_diameter,raw_outcome,filament_diameter,core_physics,leave_one_publication_out,random_forest,random_forest_03,"{""max_depth"": 12, ""max_features"": 0.5, ""min_samples_leaf"": 1, ""n_estimators"": 300}",2,266.6246412676637,440.32114000029577
filament_diameter,raw_outcome,filament_diameter,core_physics,leave_one_publication_out,random_forest,random_forest_04,"{""max_depth"": 24, ""max_features"": 0.5, ""min_samples_leaf"": 3, ""n_estimators"": 300}",25,276.94230567484095,293.3581920939465
filament_diameter,raw_outcome,filament_diameter,core_physics,leave_one_publication_out,random_forest,random_forest_05,"{""max_depth"": 24, ""max_features"": 0.5, ""min_samples_leaf"": 1, ""n_estimators"": 300}",2,270.94660459677937,216.0702762738091
filament_diameter,raw_outcome,filament_diameter,core_physics,leave_one_publication_out,random_forest,random_forest_06,"{""max_depth"": null, ""max_features"": ""sqrt"", ""min_samples_leaf"": 1, ""n_estimators"": 300}",1,293.99349346608824,198.39176133333325
filament_diameter,raw_outcome,filament_diameter,core_physics,leave_one_publication_out,rbf_svr,rbf_svr_09,"{""C"": 100.0, ""epsilon"": 0.5, ""gamma"": ""scale""}",24,280.33850433423936,263.7601908643565
filament_diameter,raw_outcome,filament_diameter,core_physics,leave_one_publication_out,rbf_svr,rbf_svr_10,"{""C"": 100.0, ""epsilon"": 0.5, ""gamma"": 0.01}",2,276.24026347742625,466.7169749654789
filament_diameter,raw_outcome,filament_diameter,core_physics,leave_one_publication_out,rbf_svr,rbf_svr_11,"{""C"": 100.0, ""epsilon"": 0.1, ""gamma"": ""scale""}",23,278.60466199817654,281.82683717954734
filament_diameter,raw_outcome,filament_diameter,core_physics,leave_one_publication_out,rbf_svr,rbf_svr_12,"{""C"": 100.0, ""epsilon"": 0.1, ""gamma"": 0.01}",5,286.37403766972216,198.82683249055933
filament_diameter,raw_outcome,filament_diameter,core_physics,leave_one_publication_out,ridge,ridge_01,"{""alpha"": 100.0}",53,358.7199485950576,342.7225727976141
filament_diameter,raw_outcome,filament_diameter,core_physics,leave_one_publication_out,ridge,ridge_04,"{""alpha"": 0.1}",1,370.88963212786416,761.6919286335964
filament_diameter,raw_outcome,filament_diameter,core_physics,publication_grouped,elastic_net,elastic_net_02,"{""alpha"": 1.0, ""l1_ratio"": 0.5}",1,296.26421095810724,468.372003331196
filament_diameter,raw_outcome,filament_diameter,core_physics,publication_grouped,elastic_net,elastic_net_03,"{""alpha"": 1.0, ""l1_ratio"": 0.1}",21,341.2869097484084,320.49634922240483
filament_diameter,raw_outcome,filament_diameter,core_physics,publication_grouped,elastic_net,elastic_net_05,"{""alpha"": 0.1, ""l1_ratio"": 0.5}",1,293.9743134460713,1059.358752192749
filament_diameter,raw_outcome,filament_diameter,core_physics,publication_grouped,elastic_net,elastic_net_07,"{""alpha"": 0.01, ""l1_ratio"": 0.9}",1,320.4685787525433,693.3183728003132
filament_diameter,raw_outcome,filament_diameter,core_physics,publication_grouped,elastic_net,elastic_net_08,"{""alpha"": 0.01, ""l1_ratio"": 0.5}",1,384.3574403690069,406.02956604971206
filament_diameter,raw_outcome,filament_diameter,core_physics,publication_grouped,random_forest,random_forest_01,"{""max_depth"": 8, ""max_features"": ""sqrt"", ""min_samples_leaf"": 5, ""n_estimators"": 300}",3,292.8711743626097,265.17716630573403
filament_diameter,raw_outcome,filament_diameter,core_physics,publication_grouped,random_forest,random_forest_02,"{""max_depth"": 12, ""max_features"": ""sqrt"", ""min_samples_leaf"": 3, ""n_estimators"": 300}",5,288.1855952784004,250.27712683653385
filament_diameter,raw_outcome,filament_diameter,core_physics,publication_grouped,random_forest,random_forest_03,"{""max_depth"": 12, ""max_features"": 0.5, ""min_samples_leaf"": 1, ""n_estimators"": 300}",2,245.5223009705712,400.870803042239
filament_diameter,raw_outcome,filament_diameter,core_physics,publication_grouped,random_forest,random_forest_04,"{""max_depth"": 24, ""max_features"": 0.5, ""min_samples_leaf"": 3, ""n_estimators"": 300}",11,275.99393315704606,270.11776594629987
filament_diameter,raw_outcome,filament_diameter,core_physics,publication_grouped,random_forest,random_forest_05,"{""max_depth"": 24, ""max_features"": 0.5, ""min_samples_leaf"": 1, ""n_estimators"": 300}",2,243.52377736349985,327.5065750586021
filament_diameter,raw_outcome,filament_diameter,core_physics,publication_grouped,random_forest,random_forest_06,"{""max_depth"": null, ""max_features"": ""sqrt"", ""min_samples_leaf"": 1, ""n_estimators"": 300}",2,250.96205854199223,355.33209262378955
filament_diameter,raw_outcome,filament_diameter,core_physics,publication_grouped,rbf_svr,rbf_svr_09,"{""C"": 100.0, ""epsilon"": 0.5, ""gamma"": ""scale""}",7,291.16978816582747,277.82623543436915
filament_diameter,raw_outcome,filament_diameter,core_physics,publication_grouped,rbf_svr,rbf_svr_10,"{""C"": 100.0, ""epsilon"": 0.5, ""gamma"": 0.01}",6,277.41968181726924,303.05580517227685
filament_diameter,raw_outcome,filament_diameter,core_physics,publication_grouped,rbf_svr,rbf_svr_11,"{""C"": 100.0, ""epsilon"": 0.1, ""gamma"": ""scale""}",9,285.7287965978601,274.23485529017813
filament_diameter,raw_outcome,filament_diameter,core_physics,publication_grouped,rbf_svr,rbf_svr_12,"{""C"": 100.0, ""epsilon"": 0.1, ""gamma"": 0.01}",3,285.0989522661581,273.52539073966693
filament_diameter,raw_outcome,filament_diameter,core_physics,publication_grouped,ridge,ridge_01,"{""alpha"": 100.0}",22,346.2199779614655,331.35242558226344
filament_diameter,raw_outcome,filament_diameter,core_physics,publication_grouped,ridge,ridge_02,"{""alpha"": 10.0}",1,294.5216067590667,1076.5548528201025
filament_diameter,raw_outcome,filament_diameter,core_physics,publication_grouped,ridge,ridge_03,"{""alpha"": 1.0}",1,385.13954176996936,410.88553171991833
filament_diameter,raw_outcome,filament_diameter,core_physics,publication_grouped,ridge,ridge_04,"{""alpha"": 0.1}",1,321.4111585328384,696.2964258587729
filament_diameter,raw_outcome,filament_diameter,core_physics,random_rowwise,elastic_net,elastic_net_04,"{""alpha"": 0.1, ""l1_ratio"": 0.9}",7,228.77636447693706,210.43926715681474
filament_diameter,raw_outcome,filament_diameter,core_physics,random_rowwise,elastic_net,elastic_net_05,"{""alpha"": 0.1, ""l1_ratio"": 0.5}",5,224.11244158719097,242.96893495644082
filament_diameter,raw_outcome,filament_diameter,core_physics,random_rowwise,elastic_net,elastic_net_06,"{""alpha"": 0.1, ""l1_ratio"": 0.1}",2,247.84134622232625,213.73737674552174
filament_diameter,raw_outcome,filament_diameter,core_physics,random_rowwise,elastic_net,elastic_net_07,"{""alpha"": 0.01, ""l1_ratio"": 0.9}",3,216.98735153852292,233.01662616091423
filament_diameter,raw_outcome,filament_diameter,core_physics,random_rowwise,elastic_net,elastic_net_08,"{""alpha"": 0.01, ""l1_ratio"": 0.5}",5,220.83243902145378,264.47189892162635
filament_diameter,raw_outcome,filament_diameter,core_physics,random_rowwise,elastic_net,elastic_net_09,"{""alpha"": 0.01, ""l1_ratio"": 0.1}",3,228.2504400215025,213.4352340578256
filament_diameter,raw_outcome,filament_diameter,core_physics,random_rowwise,random_forest,random_forest_03,"{""max_depth"": 12, ""max_features"": 0.5, ""min_samples_leaf"": 1, ""n_estimators"": 300}",8,138.57340016426832,125.04536583362002
filament_diameter,raw_outcome,filament_diameter,core_physics,random_rowwise,random_forest,random_forest_05,"{""max_depth"": 24, ""max_features"": 0.5, ""min_samples_leaf"": 1, ""n_estimators"": 300}",4,138.009979979653,133.31688632483176
filament_diameter,raw_outcome,filament_diameter,core_physics,random_rowwise,random_forest,random_forest_06,"{""max_depth"": null, ""max_features"": ""sqrt"", ""min_samples_leaf"": 1, ""n_estimators"": 300}",13,136.1511227508431,120.5668310112347
filament_diameter,raw_outcome,filament_diameter,core_physics,random_rowwise,rbf_svr,rbf_svr_09,"{""C"": 100.0, ""epsilon"": 0.5, ""gamma"": ""scale""}",9,198.25034268807997,175.64823676857532
filament_diameter,raw_outcome,filament_diameter,core_physics,random_rowwise,rbf_svr,rbf_svr_11,"{""C"": 100.0, ""epsilon"": 0.1, ""gamma"": ""scale""}",16,196.45196155901334,187.3537909661327
filament_diameter,raw_outcome,filament_diameter,core_physics,random_rowwise,ridge,ridge_02,"{""alpha"": 10.0}",7,231.0468556573196,233.32542947502924
filament_diameter,raw_outcome,filament_diameter,core_physics,random_rowwise,ridge,ridge_03,"{""alpha"": 1.0}",15,226.41066847351496,229.18906699243158
filament_diameter,raw_outcome,filament_diameter,core_physics,random_rowwise,ridge,ridge_04,"{""alpha"": 0.1}",2,222.03883133292123,226.64111659241908
filament_diameter,raw_outcome,filament_diameter,core_physics,random_rowwise,ridge,ridge_05,"{""alpha"": 0.01}",1,206.76737556582648,246.47898385163197
filament_diameter,raw_outcome,filament_diameter,full_retrospective,leave_one_publication_out,elastic_net,elastic_net_01,"{""alpha"": 1.0, ""l1_ratio"": 0.9}",2,498.42404684797964,242.38376260482977
filament_diameter,raw_outcome,filament_diameter,full_retrospective,leave_one_publication_out,elastic_net,elastic_net_02,"{""alpha"": 1.0, ""l1_ratio"": 0.5}",4,416.0810597137274,215.02643851487275
filament_diameter,raw_outcome,filament_diameter,full_retrospective,leave_one_publication_out,elastic_net,elastic_net_03,"{""alpha"": 1.0, ""l1_ratio"": 0.1}",34,474.53344185634376,621.8038306541143
filament_diameter,raw_outcome,filament_diameter,full_retrospective,leave_one_publication_out,elastic_net,elastic_net_04,"{""alpha"": 0.1, ""l1_ratio"": 0.9}",7,602.365447223167,494.9854574593131
filament_diameter,raw_outcome,filament_diameter,full_retrospective,leave_one_publication_out,elastic_net,elastic_net_05,"{""alpha"": 0.1, ""l1_ratio"": 0.5}",5,471.41309443595264,278.3526514160111
filament_diameter,raw_outcome,filament_diameter,full_retrospective,leave_one_publication_out,elastic_net,elastic_net_07,"{""alpha"": 0.01, ""l1_ratio"": 0.9}",1,1737.3128244704735,527.7283398078276
filament_diameter,raw_outcome,filament_diameter,full_retrospective,leave_one_publication_out,elastic_net,elastic_net_08,"{""alpha"": 0.01, ""l1_ratio"": 0.5}",1,457.948733468666,324.42139462032844
filament_diameter,raw_outcome,filament_diameter,full_retrospective,leave_one_publication_out,random_forest,random_forest_01,"{""max_depth"": 8, ""max_features"": ""sqrt"", ""min_samples_leaf"": 5, ""n_estimators"": 300}",3,278.13841540397766,378.63185349971354
filament_diameter,raw_outcome,filament_diameter,full_retrospective,leave_one_publication_out,random_forest,random_forest_02,"{""max_depth"": 12, ""max_features"": ""sqrt"", ""min_samples_leaf"": 3, ""n_estimators"": 300}",9,284.8534209451279,339.1816894060644
filament_diameter,raw_outcome,filament_diameter,full_retrospective,leave_one_publication_out,random_forest,random_forest_03,"{""max_depth"": 12, ""max_features"": 0.5, ""min_samples_leaf"": 1, ""n_estimators"": 300}",12,267.1092322321833,272.4731318571235
filament_diameter,raw_outcome,filament_diameter,full_retrospective,leave_one_publication_out,random_forest,random_forest_04,"{""max_depth"": 24, ""max_features"": 0.5, ""min_samples_leaf"": 3, ""n_estimators"": 300}",23,271.39510094316444,279.42396102522997
filament_diameter,raw_outcome,filament_diameter,full_retrospective,leave_one_publication_out,random_forest,random_forest_05,"{""max_depth"": 24, ""max_features"": 0.5, ""min_samples_leaf"": 1, ""n_estimators"": 300}",2,264.2978139300204,312.57232538862377
filament_diameter,raw_outcome,filament_diameter,full_retrospective,leave_one_publication_out,random_forest,random_forest_06,"{""max_depth"": null, ""max_features"": ""sqrt"", ""min_samples_leaf"": 1, ""n_estimators"": 300}",5,285.2003532644928,269.51334686150784
filament_diameter,raw_outcome,filament_diameter,full_retrospective,leave_one_publication_out,rbf_svr,rbf_svr_09,"{""C"": 100.0, ""epsilon"": 0.5, ""gamma"": ""scale""}",15,295.1967703333969,254.09923486412134
filament_diameter,raw_outcome,filament_diameter,full_retrospective,leave_one_publication_out,rbf_svr,rbf_svr_10,"{""C"": 100.0, ""epsilon"": 0.5, ""gamma"": 0.01}",8,289.46169245942036,417.6427531398779
filament_diameter,raw_outcome,filament_diameter,full_retrospective,leave_one_publication_out,rbf_svr,rbf_svr_11,"{""C"": 100.0, ""epsilon"": 0.1, ""gamma"": ""scale""}",18,298.0001424338534,267.9311229101373
filament_diameter,raw_outcome,filament_diameter,full_retrospective,leave_one_publication_out,rbf_svr,rbf_svr_12,"{""C"": 100.0, ""epsilon"": 0.1, ""gamma"": 0.01}",13,293.48073354210976,292.58375616691023
filament_diameter,raw_outcome,filament_diameter,full_retrospective,leave_one_publication_out,ridge,ridge_01,"{""alpha"": 100.0}",39,511.6165361245903,691.8885700941869
filament_diameter,raw_outcome,filament_diameter,full_retrospective,leave_one_publication_out,ridge,ridge_02,"{""alpha"": 10.0}",8,529.2941986639748,321.3528131119507
filament_diameter,raw_outcome,filament_diameter,full_retrospective,leave_one_publication_out,ridge,ridge_03,"{""alpha"": 1.0}",5,686.2128290345149,377.0385439994383
filament_diameter,raw_outcome,filament_diameter,full_retrospective,leave_one_publication_out,ridge,ridge_04,"{""alpha"": 0.1}",1,1366.4825699247822,561.6839414008774
filament_diameter,raw_outcome,filament_diameter,full_retrospective,leave_one_publication_out,ridge,ridge_05,"{""alpha"": 0.01}",1,562.5661153303001,192.3434462306797
filament_diameter,raw_outcome,filament_diameter,full_retrospective,publication_grouped,elastic_net,elastic_net_01,"{""alpha"": 1.0, ""l1_ratio"": 0.9}",3,462.97310976827663,289.05539756357655
filament_diameter,raw_outcome,filament_diameter,full_retrospective,publication_grouped,elastic_net,elastic_net_02,"{""alpha"": 1.0, ""l1_ratio"": 0.5}",2,466.7618049292089,453.7805529754353
filament_diameter,raw_outcome,filament_diameter,full_retrospective,publication_grouped,elastic_net,elastic_net_03,"{""alpha"": 1.0, ""l1_ratio"": 0.1}",18,781.5595270266087,546.2246483312466
filament_diameter,raw_outcome,filament_diameter,full_retrospective,publication_grouped,elastic_net,elastic_net_07,"{""alpha"": 0.01, ""l1_ratio"": 0.9}",1,1316.9571954658134,525.4929538135835
filament_diameter,raw_outcome,filament_diameter,full_retrospective,publication_grouped,elastic_net,elastic_net_09,"{""alpha"": 0.01, ""l1_ratio"": 0.1}",1,612.4362197235897,279.8487820194479
filament_diameter,raw_outcome,filament_diameter,full_retrospective,publication_grouped,random_forest,random_forest_01,"{""max_depth"": 8, ""max_features"": ""sqrt"", ""min_samples_leaf"": 5, ""n_estimators"": 300}",1,300.72375288259184,236.4052258025639
filament_diameter,raw_outcome,filament_diameter,full_retrospective,publication_grouped,random_forest,random_forest_02,"{""max_depth"": 12, ""max_features"": ""sqrt"", ""min_samples_leaf"": 3, ""n_estimators"": 300}",2,273.90475601818673,308.06420739210444
filament_diameter,raw_outcome,filament_diameter,full_retrospective,publication_grouped,random_forest,random_forest_03,"{""max_depth"": 12, ""max_features"": 0.5, ""min_samples_leaf"": 1, ""n_estimators"": 300}",4,262.3756095035484,262.6647907236902
filament_diameter,raw_outcome,filament_diameter,full_retrospective,publication_grouped,random_forest,random_forest_04,"{""max_depth"": 24, ""max_features"": 0.5, ""min_samples_leaf"": 3, ""n_estimators"": 300}",11,270.9152279784905,275.0067950556961
filament_diameter,raw_outcome,filament_diameter,full_retrospective,publication_grouped,random_forest,random_forest_05,"{""max_depth"": 24, ""max_features"": 0.5, ""min_samples_leaf"": 1, ""n_estimators"": 300}",4,239.6905679722249,317.087434724564
filament_diameter,raw_outcome,filament_diameter,full_retrospective,publication_grouped,random_forest,random_forest_06,"{""max_depth"": null, ""max_features"": ""sqrt"", ""min_samples_leaf"": 1, ""n_estimators"": 300}",3,267.1977974233452,282.30059997125426
filament_diameter,raw_outcome,filament_diameter,full_retrospective,publication_grouped,rbf_svr,rbf_svr_09,"{""C"": 100.0, ""epsilon"": 0.5, ""gamma"": ""scale""}",11,294.8237021598024,305.16050637522966
filament_diameter,raw_outcome,filament_diameter,full_retrospective,publication_grouped,rbf_svr,rbf_svr_10,"{""C"": 100.0, ""epsilon"": 0.5, ""gamma"": 0.01}",3,293.97707886651693,337.4990840930055
filament_diameter,raw_outcome,filament_diameter,full_retrospective,publication_grouped,rbf_svr,rbf_svr_11,"{""C"": 100.0, ""epsilon"": 0.1, ""gamma"": ""scale""}",6,304.5490172449778,267.0179119658816
filament_diameter,raw_outcome,filament_diameter,full_retrospective,publication_grouped,rbf_svr,rbf_svr_12,"{""C"": 100.0, ""epsilon"": 0.1, ""gamma"": 0.01}",5,296.15018403498544,285.81549382190803
filament_diameter,raw_outcome,filament_diameter,full_retrospective,publication_grouped,ridge,ridge_01,"{""alpha"": 100.0}",19,700.7216755423291,473.0169145644269
filament_diameter,raw_outcome,filament_diameter,full_retrospective,publication_grouped,ridge,ridge_02,"{""alpha"": 10.0}",3,479.30247830414277,983.9080799148604
filament_diameter,raw_outcome,filament_diameter,full_retrospective,publication_grouped,ridge,ridge_03,"{""alpha"": 1.0}",1,660.6398609317265,321.7185361322979
filament_diameter,raw_outcome,filament_diameter,full_retrospective,publication_grouped,ridge,ridge_04,"{""alpha"": 0.1}",2,2933.784326204506,1774.7801750417211
filament_diameter,raw_outcome,filament_diameter,full_retrospective,random_rowwise,elastic_net,elastic_net_01,"{""alpha"": 1.0, ""l1_ratio"": 0.9}",1,180.17417658116864,187.62523390261453
filament_diameter,raw_outcome,filament_diameter,full_retrospective,random_rowwise,elastic_net,elastic_net_04,"{""alpha"": 0.1, ""l1_ratio"": 0.9}",6,183.86898063656045,156.75261432838056
filament_diameter,raw_outcome,filament_diameter,full_retrospective,random_rowwise,elastic_net,elastic_net_05,"{""alpha"": 0.1, ""l1_ratio"": 0.5}",5,187.65969678510646,179.54542505362144
filament_diameter,raw_outcome,filament_diameter,full_retrospective,random_rowwise,elastic_net,elastic_net_06,"{""alpha"": 0.1, ""l1_ratio"": 0.1}",2,188.83787250779963,201.77620323078997
filament_diameter,raw_outcome,filament_diameter,full_retrospective,random_rowwise,elastic_net,elastic_net_07,"{""alpha"": 0.01, ""l1_ratio"": 0.9}",3,178.31931567320478,175.9253380805341
filament_diameter,raw_outcome,filament_diameter,full_retrospective,random_rowwise,elastic_net,elastic_net_08,"{""alpha"": 0.01, ""l1_ratio"": 0.5}",7,172.39510422712624,182.50583930101655
filament_diameter,raw_outcome,filament_diameter,full_retrospective,random_rowwise,elastic_net,elastic_net_09,"{""alpha"": 0.01, ""l1_ratio"": 0.1}",1,176.37096538819,172.87362424219563
filament_diameter,raw_outcome,filament_diameter,full_retrospective,random_rowwise,random_forest,random_forest_03,"{""max_depth"": 12, ""max_features"": 0.5, ""min_samples_leaf"": 1, ""n_estimators"": 300}",13,129.08578208303197,111.20260125477215
filament_diameter,raw_outcome,filament_diameter,full_retrospective,random_rowwise,random_forest,random_forest_05,"{""max_depth"": 24, ""max_features"": 0.5, ""min_samples_leaf"": 1, ""n_estimators"": 300}",12,127.79336722163237,113.68055525274485
filament_diameter,raw_outcome,filament_diameter,full_retrospective,random_rowwise,rbf_svr,rbf_svr_09,"{""C"": 100.0, ""epsilon"": 0.5, ""gamma"": ""scale""}",15,207.80104059782386,186.37935836412012
filament_diameter,raw_outcome,filament_diameter,full_retrospective,random_rowwise,rbf_svr,rbf_svr_11,"{""C"": 100.0, ""epsilon"": 0.1, ""gamma"": ""scale""}",10,204.02480580874155,191.2342976936089
filament_diameter,raw_outcome,filament_diameter,full_retrospective,random_rowwise,ridge,ridge_02,"{""alpha"": 10.0}",11,188.19097181760347,177.5242024618374
filament_diameter,raw_outcome,filament_diameter,full_retrospective,random_rowwise,ridge,ridge_03,"{""alpha"": 1.0}",13,177.11483617109712,177.59779953808876
filament_diameter,raw_outcome,filament_diameter,full_retrospective,random_rowwise,ridge,ridge_04,"{""alpha"": 0.1}",1,167.8247360619794,198.1375761845539
filament_diameter,raw_outcome,filament_diameter,prospective_design,leave_one_publication_out,elastic_net,elastic_net_01,"{""alpha"": 1.0, ""l1_ratio"": 0.9}",2,421.49662181259566,334.33060111253724
filament_diameter,raw_outcome,filament_diameter,prospective_design,leave_one_publication_out,elastic_net,elastic_net_02,"{""alpha"": 1.0, ""l1_ratio"": 0.5}",2,357.90073894659406,1137.6893508077949
filament_diameter,raw_outcome,filament_diameter,prospective_design,leave_one_publication_out,elastic_net,elastic_net_03,"{""alpha"": 1.0, ""l1_ratio"": 0.1}",47,397.58042649914313,336.4935119412469
filament_diameter,raw_outcome,filament_diameter,prospective_design,leave_one_publication_out,elastic_net,elastic_net_05,"{""alpha"": 0.1, ""l1_ratio"": 0.5}",1,359.6952694809383,806.8669745172192
filament_diameter,raw_outcome,filament_diameter,prospective_design,leave_one_publication_out,elastic_net,elastic_net_07,"{""alpha"": 0.01, ""l1_ratio"": 0.9}",1,2142.2392158644225,881.978789086197
filament_diameter,raw_outcome,filament_diameter,prospective_design,leave_one_publication_out,elastic_net,elastic_net_08,"{""alpha"": 0.01, ""l1_ratio"": 0.5}",1,1320.8996362480252,339.4148662899103
filament_diameter,raw_outcome,filament_diameter,prospective_design,leave_one_publication_out,random_forest,random_forest_01,"{""max_depth"": 8, ""max_features"": ""sqrt"", ""min_samples_leaf"": 5, ""n_estimators"": 300}",3,284.83495508735615,353.6957145424674
filament_diameter,raw_outcome,filament_diameter,prospective_design,leave_one_publication_out,random_forest,random_forest_02,"{""max_depth"": 12, ""max_features"": ""sqrt"", ""min_samples_leaf"": 3, ""n_estimators"": 300}",5,296.8807030468471,318.590126231444
filament_diameter,raw_outcome,filament_diameter,prospective_design,leave_one_publication_out,random_forest,random_forest_03,"{""max_depth"": 12, ""max_features"": 0.5, ""min_samples_leaf"": 1, ""n_estimators"": 300}",9,274.17320842545945,427.74648432111667
filament_diameter,raw_outcome,filament_diameter,prospective_design,leave_one_publication_out,random_forest,random_forest_04,"{""max_depth"": 24, ""max_features"": 0.5, ""min_samples_leaf"": 3, ""n_estimators"": 300}",16,280.2460403598968,222.57375681415596
filament_diameter,raw_outcome,filament_diameter,prospective_design,leave_one_publication_out,random_forest,random_forest_05,"{""max_depth"": 24, ""max_features"": 0.5, ""min_samples_leaf"": 1, ""n_estimators"": 300}",9,272.5894637747085,289.15759240820694
filament_diameter,raw_outcome,filament_diameter,prospective_design,leave_one_publication_out,random_forest,random_forest_06,"{""max_depth"": null, ""max_features"": ""sqrt"", ""min_samples_leaf"": 1, ""n_estimators"": 300}",12,284.34700471017413,268.00738533812813
filament_diameter,raw_outcome,filament_diameter,prospective_design,leave_one_publication_out,rbf_svr,rbf_svr_09,"{""C"": 100.0, ""epsilon"": 0.5, ""gamma"": ""scale""}",17,306.93681716146114,235.70803479176817
filament_diameter,raw_outcome,filament_diameter,prospective_design,leave_one_publication_out,rbf_svr,rbf_svr_10,"{""C"": 100.0, ""epsilon"": 0.5, ""gamma"": 0.01}",12,300.7514858510231,356.9849226482974
filament_diameter,raw_outcome,filament_diameter,prospective_design,leave_one_publication_out,rbf_svr,rbf_svr_11,"{""C"": 100.0, ""epsilon"": 0.1, ""gamma"": ""scale""}",16,298.7998645965316,321.5382391361214
filament_diameter,raw_outcome,filament_diameter,prospective_design,leave_one_publication_out,rbf_svr,rbf_svr_12,"{""C"": 100.0, ""epsilon"": 0.1, ""gamma"": 0.01}",9,301.34683451753455,341.24695546451085
filament_diameter,raw_outcome,filament_diameter,prospective_design,leave_one_publication_out,ridge,ridge_01,"{""alpha"": 100.0}",50,427.2382486101757,401.9542275265278
filament_diameter,raw_outcome,filament_diameter,prospective_design,leave_one_publication_out,ridge,ridge_02,"{""alpha"": 10.0}",2,396.43577636033814,600.5266369646224
filament_diameter,raw_outcome,filament_diameter,prospective_design,leave_one_publication_out,ridge,ridge_03,"{""alpha"": 1.0}",1,1308.9874446621857,360.4514057036312
filament_diameter,raw_outcome,filament_diameter,prospective_design,leave_one_publication_out,ridge,ridge_05,"{""alpha"": 0.01}",1,869.05571973174,969.0120823940124
filament_diameter,raw_outcome,filament_diameter,prospective_design,publication_grouped,elastic_net,elastic_net_01,"{""alpha"": 1.0, ""l1_ratio"": 0.9}",2,410.3832501677639,309.5678527739266
filament_diameter,raw_outcome,filament_diameter,prospective_design,publication_grouped,elastic_net,elastic_net_02,"{""alpha"": 1.0, ""l1_ratio"": 0.5}",1,434.49729355879066,222.85587491955545
filament_diameter,raw_outcome,filament_diameter,prospective_design,publication_grouped,elastic_net,elastic_net_03,"{""alpha"": 1.0, ""l1_ratio"": 0.1}",19,513.4057735484814,378.98776472845924
filament_diameter,raw_outcome,filament_diameter,prospective_design,publication_grouped,elastic_net,elastic_net_07,"{""alpha"": 0.01, ""l1_ratio"": 0.9}",2,1290.8482570902306,1140.7476545883278
filament_diameter,raw_outcome,filament_diameter,prospective_design,publication_grouped,elastic_net,elastic_net_08,"{""alpha"": 0.01, ""l1_ratio"": 0.5}",1,395.55048083596097,418.0188963442821
filament_diameter,raw_outcome,filament_diameter,prospective_design,publication_grouped,random_forest,random_forest_02,"{""max_depth"": 12, ""max_features"": ""sqrt"", ""min_samples_leaf"": 3, ""n_estimators"": 300}",3,293.8690161709378,278.372379286735
filament_diameter,raw_outcome,filament_diameter,prospective_design,publication_grouped,random_forest,random_forest_03,"{""max_depth"": 12, ""max_features"": 0.5, ""min_samples_leaf"": 1, ""n_estimators"": 300}",4,284.68117978578596,262.0817234115153
filament_diameter,raw_outcome,filament_diameter,prospective_design,publication_grouped,random_forest,random_forest_04,"{""max_depth"": 24, ""max_features"": 0.5, ""min_samples_leaf"": 3, ""n_estimators"": 300}",8,274.8558273172469,290.1725496247174
filament_diameter,raw_outcome,filament_diameter,prospective_design,publication_grouped,random_forest,random_forest_05,"{""max_depth"": 24, ""max_features"": 0.5, ""min_samples_leaf"": 1, ""n_estimators"": 300}",6,252.62327965040413,317.21506530124276
filament_diameter,raw_outcome,filament_diameter,prospective_design,publication_grouped,random_forest,random_forest_06,"{""max_depth"": null, ""max_features"": ""sqrt"", ""min_samples_leaf"": 1, ""n_estimators"": 300}",4,266.79154813808015,294.6201589749341
filament_diameter,raw_outcome,filament_diameter,prospective_design,publication_grouped,rbf_svr,rbf_svr_09,"{""C"": 100.0, ""epsilon"": 0.5, ""gamma"": ""scale""}",8,305.5282459097308,298.48074677140613
filament_diameter,raw_outcome,filament_diameter,prospective_design,publication_grouped,rbf_svr,rbf_svr_10,"{""C"": 100.0, ""epsilon"": 0.5, ""gamma"": 0.01}",4,305.6217006054629,324.6191458444006
filament_diameter,raw_outcome,filament_diameter,prospective_design,publication_grouped,rbf_svr,rbf_svr_11,"{""C"": 100.0, ""epsilon"": 0.1, ""gamma"": ""scale""}",10,301.1642436389839,305.7433348296092
filament_diameter,raw_outcome,filament_diameter,prospective_design,publication_grouped,rbf_svr,rbf_svr_12,"{""C"": 100.0, ""epsilon"": 0.1, ""gamma"": 0.01}",3,300.02023387794395,292.8661293834313
filament_diameter,raw_outcome,filament_diameter,prospective_design,publication_grouped,ridge,ridge_01,"{""alpha"": 100.0}",20,573.2385274553498,403.65501924090756
filament_diameter,raw_outcome,filament_diameter,prospective_design,publication_grouped,ridge,ridge_02,"{""alpha"": 10.0}",2,435.7568845477713,354.8897635499176
filament_diameter,raw_outcome,filament_diameter,prospective_design,publication_grouped,ridge,ridge_03,"{""alpha"": 1.0}",1,396.5451225942719,420.6663523662706
filament_diameter,raw_outcome,filament_diameter,prospective_design,publication_grouped,ridge,ridge_04,"{""alpha"": 0.1}",2,749.9460082363173,1036.690778253195
filament_diameter,raw_outcome,filament_diameter,prospective_design,random_rowwise,elastic_net,elastic_net_01,"{""alpha"": 1.0, ""l1_ratio"": 0.9}",3,231.0065015520988,208.77717247457792
filament_diameter,raw_outcome,filament_diameter,prospective_design,random_rowwise,elastic_net,elastic_net_04,"{""alpha"": 0.1, ""l1_ratio"": 0.9}",9,200.9715591605721,198.39964756697808
filament_diameter,raw_outcome,filament_diameter,prospective_design,random_rowwise,elastic_net,elastic_net_06,"{""alpha"": 0.1, ""l1_ratio"": 0.1}",1,196.1169177418644,205.98245977980707
filament_diameter,raw_outcome,filament_diameter,prospective_design,random_rowwise,elastic_net,elastic_net_07,"{""alpha"": 0.01, ""l1_ratio"": 0.9}",3,205.63287540541106,185.85524474565125
filament_diameter,raw_outcome,filament_diameter,prospective_design,random_rowwise,elastic_net,elastic_net_08,"{""alpha"": 0.01, ""l1_ratio"": 0.5}",5,209.1577625283462,184.78337539413747
filament_diameter,raw_outcome,filament_diameter,prospective_design,random_rowwise,elastic_net,elastic_net_09,"{""alpha"": 0.01, ""l1_ratio"": 0.1}",4,200.88022745168485,211.26896854276697
filament_diameter,raw_outcome,filament_diameter,prospective_design,random_rowwise,random_forest,random_forest_03,"{""max_depth"": 12, ""max_features"": 0.5, ""min_samples_leaf"": 1, ""n_estimators"": 300}",8,135.7543720159051,112.30151923183934
filament_diameter,raw_outcome,filament_diameter,prospective_design,random_rowwise,random_forest,random_forest_05,"{""max_depth"": 24, ""max_features"": 0.5, ""min_samples_leaf"": 1, ""n_estimators"": 300}",13,130.73294568359407,120.78375131194267
filament_diameter,raw_outcome,filament_diameter,prospective_design,random_rowwise,random_forest,random_forest_06,"{""max_depth"": null, ""max_features"": ""sqrt"", ""min_samples_leaf"": 1, ""n_estimators"": 300}",4,125.75367078997861,121.32773770816058
filament_diameter,raw_outcome,filament_diameter,prospective_design,random_rowwise,rbf_svr,rbf_svr_09,"{""C"": 100.0, ""epsilon"": 0.5, ""gamma"": ""scale""}",16,210.0805817260514,200.24631702321778
filament_diameter,raw_outcome,filament_diameter,prospective_design,random_rowwise,rbf_svr,rbf_svr_11,"{""C"": 100.0, ""epsilon"": 0.1, ""gamma"": ""scale""}",9,214.62522740732763,184.6893744528998
filament_diameter,raw_outcome,filament_diameter,prospective_design,random_rowwise,ridge,ridge_01,"{""alpha"": 100.0}",2,253.69043216230793,220.0875828032454
filament_diameter,raw_outcome,filament_diameter,prospective_design,random_rowwise,ridge,ridge_02,"{""alpha"": 10.0}",4,197.13851161649816,198.63489356803478
filament_diameter,raw_outcome,filament_diameter,prospective_design,random_rowwise,ridge,ridge_03,"{""alpha"": 1.0}",17,204.45056156763067,202.99924376805285
filament_diameter,raw_outcome,filament_diameter,prospective_design,random_rowwise,ridge,ridge_04,"{""alpha"": 0.1}",1,220.5383278320265,175.36987987774876
filament_diameter,raw_outcome,filament_diameter,prospective_design,random_rowwise,ridge,ridge_05,"{""alpha"": 0.01}",1,201.34690217025863,190.10473158177595
