Reference,Final_Alginate_Conc_(%w/v),Final_Gelatin_Conc_(%w/v),Final_GelMA_Conc_(%w/v),Final_Hyaluronic_Acid_Conc_(%w/v),Final_MeHA_Conc_(%w/v),Final_NorHA_Conc_(%w/v),Final_Fibronin/Fibrinogen_Conc_(%w/v),Final_P127_Conc_(%w/v),Final_Collagen_Conc_(%w/v),Final_TCP_Conc_(%w/v)_(%w/v),Final_Gellan_Conc_(%w/v),Final_Nano/Methycellulose_Conc_(%w/v),PEGDA_Conc_(%w/v),Agarose_Conc_(%w/v),CaCl2_Conc_(mM),NaCl2_Conc_(mM),BaCl2_Conc_(mM),SrCl2_Conc_(mM),Physical_Crosslinking_Durantion_(s),Photocrosslinking_Duration_(s),Extrusion_Pressure (kPa),Extrusion_Rate_Lengthwise_(mm/s),Extrusion_Rate_Volume-wise_(mL/s),Nozzle_Movement_Speed_(mm/s),Inner_Nozzle_Outer_Diameter_(µm),Outer_Nozzle_Inner_Diameter_(µm),Filament_Diameter_(µm),Cell_Density_(cells/mL),Syringe_Temperature_(°C),Substrate_Temperature_(°C),Days_Observed,Construct_Base_Area_(mm^2),Construct_Total_Thickness_(mm),Cell_Culture_Medium_Used?,DI_Water_Used?,Precrosslinking_Solution_Used?,Saline_Solution_Used?,EtOH_Solution_Used?,Photoinitiator_Used?,Enzymatic_Crosslinker_Used?,Conical_or_Straight_Nozzle,Acceptable_Filament_Diameter_(Yes/No)
Fedorovich_Dhe22_TissueEng 2008,2,0,0,0,0,0,0,0,0,0,0,0,0,0,100,0,0,0,,0,199.9,16.67,,,0,210,430,250000,22,22,0.208,400,2,Y,N,N,N,N,N,N,S,N
Fedorovich_Dhe22_TissueEng 2008,2,0,0,0,0,0,0,0,0,0,0,0,0,0,100,0,0,0,,0,199.9,16.67,,,0,210,430,250000,22,22,1,400,2,Y,N,N,N,N,N,N,S,N
Fedorovich_Dhe22_TissueEng 2008,2,0,0,0,0,0,0,0,0,0,0,0,0,0,100,0,0,0,,0,199.9,16.67,,15,0,210,430,250000,22,22,3,400,2,Y,N,N,N,N,N,N,S,N
Fedorovich_Dhe22_TissueEng 2008,0,0,0,0,0,0,0,0,0,0,0,0,0,0,0,0,0,0,0,0,199.9,16.67,,15,0,210,430,250000,4,22,0.208,400,2,Y,N,N,N,N,N,N,S,N
Fedorovich_Dhe22_TissueEng 2008,0,0,0,0,0,0,0,0,0,0,0,0,0,0,0,0,0,0,0,0,199.9,16.67,,15,0,610,1280,250000,4,22,0.208,400,2,Y,N,N,N,N,N,N,S,N
Soltan_Chen_ACSBiomat_2019,3,2,0,0,0,0,0,0,0,0,0,0,0,0,100,0,0,0,,0,10,,,,0,210,1052.1,1000000,26,22,0,121,2.5,N,Y,N,N,Y,N,N,S,N
Soltan_Chen_ACSBiomat_2019,3,2,0,0,0,0,0,0,0,0,0,0,0,0,100,0,0,0,,0,10,,,25,0,210,1103.09,1000000,26,22,7,121,2.5,N,Y,N,N,Y,N,N,S,N
Soltan_Chen_ACSBiomat_2019,2,2,0,0,0,0,0,0,0,0,0,0,0,0,100,0,0,0,,0,10,,,25,0,210,917.23,1000000,26,22,0,121,2.5,N,Y,N,N,Y,N,N,S,N
Soltan_Chen_ACSBiomat_2019,2,2,0,0,0,0,0,0,0,0,0,0,0,0,100,0,0,0,,0,10,,,25,0,210,1132.66,1000000,26,22,7,121,2.5,N,Y,N,N,Y,N,N,S,N
Soltan_Chen_ACSBiomat_2019,2,3,0,0,0,0,0,0,0,0,0,0,0,0,100,0,0,0,,0,10,,,25,0,210,1015.34,1000000,26,22,0,121,2.5,N,Y,N,N,Y,N,N,S,N
Soltan_Chen_ACSBiomat_2019,2,3,0,0,0,0,0,0,0,0,0,0,0,0,100,0,0,0,,0,10,,,25,0,210,1560.65,1000000,26,22,7,121,2.5,N,Y,N,N,Y,N,N,S,N
Soltan_Chen_ACSBiomat_2019,3,2,0,0,0,0,0,0,0,0,0,0,0,0,100,0,0,0,,0,10,,,25,0,210,909.19,1000000,26,22,0,121,2.5,N,Y,N,N,Y,N,N,S,N
Soltan_Chen_ACSBiomat_2019,2,2,0,0,0,0,0,0,0,0,0,0,0,0,100,0,0,0,,0,10,,,25,0,210,858.15,1000000,26,22,0,121,2.5,N,Y,N,N,Y,N,N,S,N
Soltan_Chen_ACSBiomat_2019,2,3,0,0,0,0,0,0,0,0,0,0,0,0,100,0,0,0,,0,10,,,25,0,210,833.96,1000000,26,22,0,121,2.5,N,Y,N,N,Y,N,N,S,N
Li_Li_ACSApplMatInterf_2017,3,0,0,0,0,0,0,0,0,0,0,0,0,0,360.43,0,0,0,600,0,215,7.6,,,0,250,370.2,3000000,37,22,0,,,N,N,Y,Y,N,N,N,S,N
Li_Li_ACSApplMatInterf_2017,3,0,0,0,0,0,0,0,0,0,0,0,0,0,360.43,0,0,0,600,0,215,7.6,,,0,250,336.92,3000000,37,22,5,,,N,N,Y,Y,N,N,N,S,N
Ning_Chen_Biofab_2018,2,0,0,1,0,0,4,0,0,0,0,0,0,0,20,0,0,0,1080,0,30,9,,,0,200,287.01,1000000,,22,1,,,Y,N,N,Y,N,N,Y,S,N
Ning_Chen_Biofab_2018,2,0,0,1,0,0,4,0,0,0,0,0,0,0,20,0,0,0,1080,0,30,9,,,0,200,308.09,1000000,,22,4,,,Y,N,N,Y,N,N,Y,S,N
Ning_Chen_Biofab_2018,2,0,0,1,0,0,4,0,0,0,0,0,0,0,20,0,0,0,1080,0,30,9,,,0,200,328.74,1000000,,22,10,,,Y,N,N,Y,N,N,Y,S,N
Ning_Chen_Biofab_2018,2,0,0,1,0,0,4,0,0,0,0,0,0,0,20,0,0,0,1080,0,30,9,,,0,200,286.84,1000000,,22,1,,,Y,N,N,Y,N,N,Y,S,N
Ning_Chen_Biofab_2018,2,0,0,1,0,0,4,0,0,0,0,0,0,0,20,0,0,0,1080,0,30,9,,,0,200,298.04,1000000,,22,4,,,Y,N,N,Y,N,N,Y,S,N
Ning_Chen_Biofab_2018,2,0,0,1,0,0,4,0,0,0,0,0,0,0,20,0,0,0,1080,0,30,9,,,0,200,296.7,1000000,,22,10,,,Y,N,N,Y,N,N,Y,S,N
Markstedt_Mantas_Biomacromol_2015,0.5,0,0,0,0,0,0,0,0,0,0,2,0,0,90,0,0,0,600,0,40,,,5,0,300,668.9086,15000000,,22,0,23.04,1,N,Y,N,N,N,N,N,S,N
Markstedt_Mantas_Biomacromol_2015,0.5,0,0,0,0,0,0,0,0,0,0,2,0,0,90,0,0,0,600,0,40,,,5,0,300,443.96,15000000,,22,7,23.04,1,N,Y,N,N,N,N,N,S,N
Shim_Cho_JMicromechMicroeng_2012,4,0,0,0,0,0,0,0,0,0,0,0,0,0,100,145,0,0,600,0,,0.01,,,0,250,624.48,1000000,,22,1,,2,Y,N,N,N,N,N,N,S,N
Shim_Cho_JMicromechMicroeng_2012,4,0,0,0,0,0,0,0,0,0,0,0,0,0,100,145,0,0,600,0,,0.01,,,0,250,68.27,1000000,,22,7,,2,Y,N,N,N,N,N,N,S,N
Shim_Cho_JMicromechMicroeng_2012,4,0,0,0,0,0,0,0,0,0,0,0,0,0,100,145,0,0,600,0,,0.01,,,0,250,611.93,1000000,,22,1,,2,Y,N,N,N,N,N,N,S,N
Shim_Cho_JMicromechMicroeng_2012,4,0,0,0,0,0,0,0,0,0,0,0,0,0,100,145,0,0,600,0,,0.01,,,0,250,595.83,1000000,,22,7,,2,Y,N,N,N,N,N,N,S,N
Daly_Kelly_Biofab_2016,3.5,0,0,0,0,0,0,0,0,0,0,0,0,0,50,0,0,0,900,0,200,,,,0,260,504.05,20000000,21,,0,,,N,Y,N,Y,N,N,N,S,N
Daly_Kelly_Biofab_2016,0,0,0,0,0,0,0,0,0,0,0,0,0,2,0,0,0,0,900,0,200,,,,0,260,500.73,20000000,37,,0,,,N,Y,N,N,N,N,N,S,N
Daly_Kelly_Biofab_2016,0,0,0,0,0,0,0,0,0,0,0,0,0,0,0,0,0,0,1800,900,140,,,,0,260,641.42,20000000,21,,0,,,N,N,N,N,N,Y,N,S,N
Daly_Kelly_Biofab_2016,0,0,10,0,0,0,0,0,0,0,0,0,0,0,0,0,0,0,1800,900,60,,,,0,260,265.1,20000000,28,,0,,,N,Y,N,Y,N,Y,N,S,Y
Yang_Zhao_MatSciEngC_2018,10,0,0,0,0,0,0,0,0,0,0,0,0,0,,0,0,0,,0,,,,,0,260,747.1096,10000000,,,0,400,0,Y,N,N,N,N,N,N,S,N
Yang_Zhao_MatSciEngC_2018,10,0,0,0,0,0,0,0,0,0,0,0,0,1.5,,0,0,0,,0,,,,,0,260,1233.2,10000000,,,0,400,0,Y,N,N,N,N,N,N,S,N
Yang_Zhao_MatSciEngC_2018,10,0,0,0,0,0,0,0,1.5,0,0,0,0,0,,0,0,0,,0,,,,,0,260,804.686,10000000,,,0,400,0,Y,N,N,N,N,N,N,S,N
Kilian_Ahlfeld_Akkineni_Bioprint_2020,3,0,0,0,0,0,0,0,0,0,0,9,0,0,100,0,0,0,600,0,90,,,10,0,410,774.06,700000,,,21,49,,Y,N,N,N,N,N,N,C,N
Kilian_Ahlfeld_Akkineni_Bioprint_2020,3,0,0,0,0,0,0,0,0,0,0,9,0,0,100,0,0,0,600,0,90,,,10,0,410,666.599,700000,,,7,49,,Y,N,N,N,N,N,N,C,N
Kilian_Ahlfeld_Akkineni_Bioprint_2020,3,0,0,0,0,0,0,0,0,0,0,9,0,0,100,0,0,0,600,0,90,,,10,0,410,708.89,700000,,,7,49,,Y,N,N,N,N,N,N,C,N
Kilian_Ahlfeld_Akkineni_Bioprint_2020,3,0,0,0,0,0,0,0,0,0,0,9,0,0,100,0,0,0,600,0,90,,,10,0,410,910.8,700000,,,21,49,,Y,N,N,N,N,N,N,C,N
Kilian_Ahlfeld_Akkineni_Bioprint_2020,3,0,0,0,0,0,0,0,0,0,0,9,0,0,100,0,0,0,600,0,90,,,10,0,410,342.708,700000,,,1,49,,Y,N,N,N,N,N,N,C,N
Kilian_Ahlfeld_Akkineni_Bioprint_2020,3,0,0,0,0,0,0,0,0,0,0,9,0,0,100,0,0,0,600,0,90,,,10,0,410,333.28,700000,,,7,49,,Y,N,N,N,N,N,N,C,N
Kilian_Ahlfeld_Akkineni_Bioprint_2020,3,0,0,0,0,0,0,0,0,0,0,9,0,0,100,0,0,0,600,0,90,,,10,0,410,362.06,700000,,,1,49,,Y,N,N,N,N,N,N,C,N
Kilian_Ahlfeld_Akkineni_Bioprint_2020,3,0,0,0,0,0,0,0,0,0,0,9,0,0,100,0,0,0,600,0,90,,,10,0,410,348.62,700000,,,7,49,,Y,N,N,N,N,N,N,C,N
Kilian_Ahlfeld_Akkineni_Bioprint_2020,3,0,0,0,0,0,0,0,0,0,0,9,0,0,100,0,0,0,600,0,90,,,10,0,410,871.1,700000,,,21,49,,Y,N,N,N,N,N,N,C,N
Kilian_Ahlfeld_Akkineni_Bioprint_2020,3,0,0,0,0,0,0,0,0,0,0,9,0,0,100,0,0,0,600,0,90,,,10,0,410,336.12,700000,,,1,49,,Y,N,N,N,N,N,N,C,N
Kilian_Ahlfeld_Akkineni_Bioprint_2020,3,0,0,0,0,0,0,0,0,0,0,9,0,0,100,0,0,0,600,0,90,,,10,0,410,366.04,700000,,,7,49,,Y,N,N,N,N,N,N,C,N
Kilian_Ahlfeld_Akkineni_Bioprint_2020,3,0,0,0,0,0,0,0,0,0,0,9,0,0,100,0,0,0,600,0,90,,,10,0,410,903.52,700000,,,21,49,,Y,N,N,N,N,N,N,C,N
Kolesky_Lewis_AdvMat_2014,0,0,15,0,0,0,0,0,0,0,0,0,0,0,0,0,0,0,0,60,275.8,,,5.5,0,200,223.36,2000000,22,15,0,,,Y,N,N,N,N,Y,N,C,N
Kolesky_Lewis_AdvMat_2014,0,0,15,0,0,0,0,0,0,0,0,0,0,0,0,0,0,0,0,60,275.8,,,5.5,0,200,486.18,2000000,22,15,3,,,Y,N,N,N,N,Y,N,C,N
Kolesky_Lewis_AdvMat_2014,0,0,15,0,0,0,0,0,0,0,0,0,0,0,0,0,0,0,0,60,275.8,,,5.5,0,200,238.61,2000000,22,15,0,,,Y,N,N,N,N,Y,N,C,N
Kolesky_Lewis_AdvMat_2014,0,0,15,0,0,0,0,0,0,0,0,0,0,0,0,0,0,0,0,60,275.8,,,5.5,0,200,519.54,2000000,22,15,3,,,Y,N,N,N,N,Y,N,C,N
Duan_Butcher_JBiomedMatRes_2012,5,6,0,0,0,0,0,0,0,0,0,0,0,0,300,0,0,0,600,0,,,,5,0,800,941.3,10000000,,22,7,50.26548246,1,N,N,N,N,N,N,N,S,N
Duan_Butcher_JBiomedMatRes_2012,5,6,0,0,0,0,0,0,0,0,0,0,0,0,300,0,0,0,600,0,,,,5,0,800,941.3,10000000,,22,7,50.26548246,1,N,N,N,N,N,N,N,S,N
Yang_Zhao_MatSciEngC_2018,10,0,0,0,0,0,0,0,0,0,0,0,0,0,,0,0,0,,0,,,,,0,260,747.1096,10000000,,,14,400,0,Y,N,N,N,N,N,N,S,N
Yang_Zhao_MatSciEngC_2018,10,0,0,0,0,0,0,0,0,0,0,0,0,1.5,,0,0,0,,0,,,,,0,260,1233.2,10000000,,,14,400,0,Y,N,N,N,N,N,N,S,N
Yang_Zhao_MatSciEngC_2018,10,0,0,0,0,0,0,0,1.5,0,0,0,0,0,,0,0,0,,0,,,,,0,260,804.686,10000000,,,14,400,0,Y,N,N,N,N,N,N,S,N
Kilian_Ahlfeld_Akkineni_Bioprint_2020,3,0,0,0,0,0,0,0,0,0,0,9,0,0,100,0,0,0,600,0,90,,,10,0,410,774.06,700000,,,21,49,,Y,N,N,N,N,N,N,C,N
Kilian_Ahlfeld_Akkineni_Bioprint_2020,3,0,0,0,0,0,0,0,0,0,0,9,0,0,100,0,0,0,600,0,90,,,10,0,410,666.599,700000,,,7,49,,Y,N,N,N,N,N,N,C,N
Kilian_Ahlfeld_Akkineni_Bioprint_2020,3,0,0,0,0,0,0,0,0,0,0,9,0,0,100,0,0,0,600,0,90,,,10,0,410,708.89,700000,,,7,49,,Y,N,N,N,N,N,N,C,N
Kilian_Ahlfeld_Akkineni_Bioprint_2020,3,0,0,0,0,0,0,0,0,0,0,9,0,0,100,0,0,0,600,0,90,,,10,0,410,910.8,700000,,,21,49,,Y,N,N,N,N,N,N,C,N
Kilian_Ahlfeld_Akkineni_Bioprint_2020,3,0,0,0,0,0,0,0,0,0,0,9,0,0,100,0,0,0,600,0,90,,,10,0,410,342.708,700000,,,1,49,,Y,N,N,N,N,N,N,C,N
Kilian_Ahlfeld_Akkineni_Bioprint_2020,3,0,0,0,0,0,0,0,0,0,0,9,0,0,100,0,0,0,600,0,90,,,10,0,410,333.28,700000,,,7,49,,Y,N,N,N,N,N,N,C,N
Kilian_Ahlfeld_Akkineni_Bioprint_2020,3,0,0,0,0,0,0,0,0,0,0,9,0,0,100,0,0,0,600,0,90,,,10,0,410,362.06,700000,,,1,49,,Y,N,N,N,N,N,N,C,N
Kilian_Ahlfeld_Akkineni_Bioprint_2020,3,0,0,0,0,0,0,0,0,0,0,9,0,0,100,0,0,0,600,0,90,,,10,0,410,348.62,700000,,,7,49,,Y,N,N,N,N,N,N,C,N
Kilian_Ahlfeld_Akkineni_Bioprint_2020,3,0,0,0,0,0,0,0,0,0,0,9,0,0,100,0,0,0,600,0,90,,,10,0,410,871.1,700000,,,21,49,,Y,N,N,N,N,N,N,C,N
Kilian_Ahlfeld_Akkineni_Bioprint_2020,3,0,0,0,0,0,0,0,0,0,0,9,0,0,100,0,0,0,600,0,90,,,10,0,410,336.12,700000,,,1,49,,Y,N,N,N,N,N,N,C,N
Kilian_Ahlfeld_Akkineni_Bioprint_2020,3,0,0,0,0,0,0,0,0,0,0,9,0,0,100,0,0,0,600,0,90,,,10,0,410,366.04,700000,,,7,49,,Y,N,N,N,N,N,N,C,N
Kilian_Ahlfeld_Akkineni_Bioprint_2020,3,0,0,0,0,0,0,0,0,0,0,9,0,0,100,0,0,0,600,0,90,,,10,0,410,903.52,700000,,,21,49,,Y,N,N,N,N,N,N,C,N
Kolesky_Lewis_AdvMat_2014,0,0,15,0,0,0,0,0,0,0,0,0,0,0,0,0,0,0,0,60,275.8,,,5.5,0,200,223.36,2000000,22,15,0,,,Y,N,N,N,N,Y,N,C,N
Kolesky_Lewis_AdvMat_2014,0,0,15,0,0,0,0,0,0,0,0,0,0,0,0,0,0,0,0,60,275.8,,,5.5,0,200,486.18,2000000,22,15,3,,,Y,N,N,N,N,Y,N,C,N
Kolesky_Lewis_AdvMat_2014,0,0,15,0,0,0,0,0,0,0,0,0,0,0,0,0,0,0,0,60,275.8,,,5.5,0,200,238.61,2000000,22,15,0,,,Y,N,N,N,N,Y,N,C,N
Kolesky_Lewis_AdvMat_2014,0,0,15,0,0,0,0,0,0,0,0,0,0,0,0,0,0,0,0,60,275.8,,,5.5,0,200,519.54,2000000,22,15,3,,,Y,N,N,N,N,Y,N,C,N
Duan_Butcher_JBiomedMatRes_2012,5,6,0,0,0,0,0,0,0,0,0,0,0,0,300,0,0,0,600,0,,,,5,0,800,941.3,10000000,,22,0,50.26548246,1,N,N,N,Y,N,N,N,S,N
Duan_Butcher_JBiomedMatRes_2012,5,6,0,0,0,0,0,0,0,0,0,0,0,0,300,0,0,0,600,0,,,,5,0,800,941.3,10000000,,22,0,50.26548246,1,N,N,N,Y,N,N,N,S,N
Be22assoni_Khademhosseini_Biofab_2014,0,10,0,0,0,0,0,0,0,0,0,0,0,0,0,0,0,0,0,15,,2,,,0,500,498.2,1500000,,22,8,,,N,N,N,Y,N,N,N,S,Y
Be22assoni_Khademhosseini_Biofab_2014,0,10,0,0,0,0,0,0,0,0,0,0,0,0,0,0,0,0,0,30,,2,,,0,500,466.5,1500000,,22,8,,,N,N,N,Y,N,N,N,S,Y
Be22assoni_Khademhosseini_Biofab_2014,0,10,0,0,0,0,0,0,0,0,0,0,0,0,0,0,0,0,0,60,,2,,,0,500,466.6,1500000,,22,8,,,N,N,N,Y,N,N,N,S,Y
Das_Ghosh_ActaBiomat_2015,0,15,0,0,0,0,8,0,0,0,0,0,0,0,0,0,0,0,0,0,225,1,,,0,250,355.52,3500000,28,18,0,49,1.5,Y,Y,N,N,Y,N,Y,S,N
Das_Ghosh_ActaBiomat_2015,0,15,0,0,0,0,8,0,0,0,0,0,0,0,0,0,0,0,0,0,225,1,,,0,250,334.34,3500000,28,18,7,49,1.5,Y,Y,N,N,Y,N,Y,S,N
Das_Ghosh_ActaBiomat_2015,0,15,0,0,0,0,8,0,0,0,0,0,0,0,0,0,0,0,0,0,225,1,,,0,250,362.37,3500000,28,18,21,49,1.5,Y,Y,N,N,Y,N,Y,S,N
Chung_Wallace_BiomatSci_2013,2,10,0,0,0,0,0,0,0,0,0,0,0,0,,0,0,0,600,0,55.16,1.666666667,,,0,200,321.13,500000,5,25,0,100,0,N,N,N,Y,N,N,N,S,N
Chung_Wallace_BiomatSci_2013,2,10,0,0,0,0,0,0,0,0,0,0,0,0,,0,0,0,600,0,110.32,1.666666667,,,0,200,321.13,500000,5,25,0,100,0,N,N,N,Y,N,N,N,S,N
Chung_Wallace_BiomatSci_2013,2,10,0,0,0,0,0,0,0,0,0,0,0,0,,0,0,0,600,0,165.47,1.666666667,,,0,200,321.13,500000,5,25,0,100,0,N,N,N,Y,N,N,N,S,N
Yin_Suo_AppMatInt_2018,0,8,5,0,0,0,0,0,0,0,0,0,0,0,0,0,0,0,0,120,150,5,,5,0,260,625.71,5000000,20,3.5,0,81,5,N,Y,N,Y,N,Y,N,S,N
Yin_Suo_AppMatInt_2018,0,8,5,0,0,0,0,0,0,0,0,0,0,0,0,0,0,0,0,120,150,5,,5,0,260,630.01,5000000,20,3.5,3,81,5,N,Y,N,Y,N,Y,N,S,N
Yin_Suo_AppMatInt_2018,0,8,5,0,0,0,0,0,0,0,0,0,0,0,0,0,0,0,0,120,150,5,,5,0,260,713,5000000,20,3.5,7,81,5,N,Y,N,Y,N,Y,N,S,N
Yin_Suo_AppMatInt_2018,0,0,5,0,0,0,0,0,0,0,0,0,0,0,0,0,0,0,0,120,150,5,,5,0,260,620.95,5000000,20,3.5,0,81,5,N,Y,N,Y,N,Y,N,S,N
Yin_Suo_AppMatInt_2018,0,0,5,0,0,0,0,0,0,0,0,0,0,0,0,0,0,0,0,120,150,5,,5,0,260,682.35,5000000,20,3.5,3,81,5,N,Y,N,Y,N,Y,N,S,N
Yin_Suo_AppMatInt_2018,0,0,5,0,0,0,0,0,0,0,0,0,0,0,0,0,0,0,0,120,150,5,,5,0,260,592.02,5000000,20,3.5,7,81,5,N,Y,N,Y,N,Y,N,S,N
Yin_Suo_AppMatInt_2018,0,0,30,0,0,0,0,0,0,0,0,0,0,0,0,0,0,0,0,120,150,5,,5,0,260,462.65,5000000,20,3.5,0,81,5,N,Y,N,Y,N,Y,N,S,N
Yin_Suo_AppMatInt_2018,0,0,30,0,0,0,0,0,0,0,0,0,0,0,0,0,0,0,0,120,150,5,,5,0,260,460.74,5000000,20,3.5,3,81,5,N,Y,N,Y,N,Y,N,S,N
Yin_Suo_AppMatInt_2018,0,0,30,0,0,0,0,0,0,0,0,0,0,0,0,0,0,0,0,120,150,5,,5,0,260,542.53,5000000,20,3.5,7,81,5,N,Y,N,Y,N,Y,N,S,N
Liu_Zhang_AdvHealthMat_2017,0,0,3,0,0,0,0,0,0,0,0,0,0,0,0,0,0,0,0,30,,,1.666666667,6.666666667,0,210,636.51,4000000,21,21,0,25,1.6,N,N,N,Y,N,Y,N,C,N
Liu_Zhang_AdvHealthMat_2017,0,0,4,0,0,0,0,0,0,0,0,0,0,0,0,0,0,0,0,30,,,1.666666667,6.666666667,0,210,608.85,4000000,21,21,0,25,1.6,N,N,N,Y,N,Y,N,C,N
Liu_Zhang_AdvHealthMat_2017,0,0,5,0,0,0,0,0,0,0,0,0,0,0,0,0,0,0,0,30,,,1.666666667,6.666666667,0,210,648.04,4000000,21,21,0,25,1.6,N,N,N,Y,N,Y,N,C,N
Lim_Levato_AdvHealthMat_2020,0,0,10,0,0,0,0,0,0,0,0,0,0,0,0,0,0,0,0,300,220,,,12,0,337,294.71,20000000,18,,0,19.63495408,1,N,N,N,Y,N,Y,N,S,N
Lim_Levato_AdvHealthMat_2020,0,0,10,0,0,0,0,0,0,0,0,0,0,0,0,0,0,0,0,300,220,,,12,0,337,419,20000000,18,,7,19.63495408,1,N,N,N,Y,N,Y,N,S,N
Lim_Levato_AdvHealthMat_2020,0,0,10,0,0,0,0,0,0,0,0,0,0,0,0,0,0,0,0,300,220,,,12,0,337,281.83,20000000,18,,0,19.63495408,1,N,N,N,Y,N,Y,N,S,N
Lim_Levato_AdvHealthMat_2020,0,0,10,0,0,0,0,0,0,0,0,0,0,0,0,0,0,0,0,300,220,,,12,0,337,409,20000000,18,,7,19.63495408,1,N,N,N,Y,N,Y,N,S,N
Tigner_Alge_Biomacromol_2020,0,10,0,0,0,0,0,0,0,0,0,0,0,0,0,0,0,0,0,180,,3,,15,0,838,1553.07,2000000,22.5,,1,70.56,1,N,N,N,Y,N,Y,N,C,N
Tigner_Alge_Biomacromol_2020,0,10,0,0,0,0,0,0,0,0,0,0,0,0,0,0,0,0,0,180,,3,,15,0,838,1687.146,2000000,22.5,,3,70.56,1,N,N,N,Y,N,Y,N,C,N
Tigner_Alge_Biomacromol_2020,0,10,0,0,0,0,0,0,0,0,0,0,0,0,0,0,0,0,0,180,,3,,15,0,838,1675.869,2000000,22.5,,7,70.56,1,N,N,N,Y,N,Y,N,C,N
Tigner_Alge_Biomacromol_2020,0,10,0,0,0,0,0,0,0,0,0,0,0,0,0,0,0,0,0,210,,3,,15,0,838,1300.498,2000000,22.5,,1,70.56,1,N,N,N,Y,N,Y,N,C,N
Tigner_Alge_Biomacromol_2020,0,10,0,0,0,0,0,0,0,0,0,0,0,0,0,0,0,0,0,210,,3,,15,0,838,1233.966,2000000,22.5,,3,70.56,1,N,N,N,Y,N,Y,N,C,N
Tigner_Alge_Biomacromol_2020,0,10,0,0,0,0,0,0,0,0,0,0,0,0,0,0,0,0,0,210,,3,,15,0,838,1417.279,2000000,22.5,,7,70.56,1,N,N,N,Y,N,Y,N,C,N
Tigner_Alge_Biomacromol_2020,0,0,10,0,0,0,0,0,0,0,0,0,0,0,0,0,0,0,0,180,,3,,15,0,838,1014.45,2000000,22.5,,1,70.56,1,N,N,N,Y,N,Y,N,C,N
Tigner_Alge_Biomacromol_2020,0,0,10,0,0,0,0,0,0,0,0,0,0,0,0,0,0,0,0,180,,3,,15,0,838,1101.27,2000000,22.5,,3,70.56,1,N,N,N,Y,N,Y,N,C,N
Tigner_Alge_Biomacromol_2020,0,0,10,0,0,0,0,0,0,0,0,0,0,0,0,0,0,0,0,180,,3,,15,0,838,1311.52,2000000,22.5,,7,70.56,1,N,N,N,Y,N,Y,N,C,N
Tigner_Alge_Biomacromol_2020,0,0,10,0,0,0,0,0,0,0,0,0,0,0,0,0,0,0,0,210,,3,,15,0,838,1373.11,2000000,22.5,,1,70.56,1,N,N,N,Y,N,Y,N,C,N
Tigner_Alge_Biomacromol_2020,0,0,10,0,0,0,0,0,0,0,0,0,0,0,0,0,0,0,0,210,,3,,15,0,838,1302.86,2000000,22.5,,3,70.56,1,N,N,N,Y,N,Y,N,C,N
Tigner_Alge_Biomacromol_2020,0,0,10,0,0,0,0,0,0,0,0,0,0,0,0,0,0,0,0,210,,3,,15,0,838,1496.41,2000000,22.5,,7,70.56,1,N,N,N,Y,N,Y,N,C,N
Soliman_Lim_AdvHealthMat_2020,0,3,0,0,0,0,0,0,0,0,0,0,0,0,0,0,0,0,0,180,,11.67,,,0,337,292.39,5000000,10,10,1,,,N,N,N,Y,N,Y,N,S,N
Soliman_Lim_AdvHealthMat_2020,0,3,0,0,0,0,0,0,0,0,0,0,0,0,0,0,0,0,0,180,,11.67,,,0,337,357.32,5000000,10,10,7,,,N,N,N,Y,N,Y,N,S,Y
Soliman_Lim_AdvHealthMat_2020,0,3,0,0,0,0,0,0,0,0,0,0,0,0,0,0,0,0,0,180,,11.67,,,0,337,291.28,5000000,10,10,1,,,N,N,N,Y,N,Y,N,S,N
Soliman_Lim_AdvHealthMat_2020,0,3,0,0,0,0,0,0,0,0,0,0,0,0,0,0,0,0,0,180,,11.67,,,0,337,297.81,5000000,10,10,7,,,N,N,N,Y,N,Y,N,S,N
Shin_Burdick_ActaBiomat_2019,0,4,0,2,0,0,0,0,0,0,0,0,0,0,0,0,0,0,0,0,,,,,0,933.48,964.53,5000000,,22,0.020833333,64,785.6,N,N,N,Y,N,N,N,C,Y
Shin_Burdick_ActaBiomat_2019,0,4,0,2,0,0,0,0,0,0,0,0,0,0,0,0,0,0,0,0,,,,,0,933.48,896.94,5000000,,22,0.041666667,64,785.6,N,N,N,Y,N,N,N,C,Y
Shin_Burdick_ActaBiomat_2019,0,4,0,2,0,0,0,0,0,0,0,0,0,0,0,0,0,0,0,0,,,,,0,933.48,1062.05,5000000,,22,0.083333333,64,785.6,N,N,N,Y,N,N,N,C,N
Shin_Burdick_ActaBiomat_2019,0,4,0,2,0,0,0,0,0,0,0,0,0,0,0,0,0,0,0,0,,,,,0,933.48,1116.13,5000000,,22,1,64,785.6,N,N,N,Y,N,N,N,C,N
Shin_Burdick_ActaBiomat_2019,0,4,0,2,0,0,0,0,0,0,0,0,0,0,0,0,0,0,0,0,,,,,0,933.48,1283.87,5000000,,22,2,64,785.6,N,N,N,Y,N,N,N,C,N
Shin_Burdick_ActaBiomat_2019,0,4,0,2,0,0,0,0,0,0,0,0,0,0,0,0,0,0,0,0,,,,,0,933.48,1670.97,5000000,,22,3,64,785.6,N,N,N,Y,N,N,N,C,N
Shin_Burdick_ActaBiomat_2019,0,4,0,2,0,0,0,0,0,0,0,0,0,0,0,0,0,0,0,0,,,,,0,933.48,2400,5000000,,22,4,64,785.6,N,N,N,Y,N,N,N,C,N
Shin_Burdick_ActaBiomat_2019,0,4,0,2,0,0,0,0,0,0,0,0,0,0,0,0,0,0,0,0,,,,,0,933.48,2922.58,5000000,,22,6,64,785.6,N,N,N,Y,N,N,N,C,N
Chen_Zhang_AppMatINt_2019,0,0,5,0,0,0,0,0,0,0,0,0,0,0,0,0,0,0,0,40,,,0.000833,5,0,210,152.96,1000000,37,22,0,,,N,N,N,Y,N,N,N,S,N
Chen_Zhang_AppMatINt_2019,0,0,5,0,0,0,1,0,0,0,0,0,0,0,0,0,0,0,0,40,,,0.000833,5,0,210,152.96,1000000,37,22,0,,,N,N,N,Y,N,N,N,S,N
Chen_Zhang_AppMatINt_2019,0,0,5,0,0,0,2,0,0,0,0,0,0,0,0,0,0,0,0,40,,,0.000833,5,0,210,152.96,1000000,37,22,0,,,N,N,N,Y,N,N,N,S,N
Chen_Zhang_AppMatINt_2019,0,0,5,0,0,0,0,0,0,0,0,0,0,0,0,0,0,0,0,40,,,0.000833,5,0,210,152.96,1000000,37,22,0,,,N,N,N,Y,N,N,N,S,N
Chen_Zhang_AppMatINt_2019,0,0,5,0,0,0,1,0,0,0,0,0,0,0,0,0,0,0,0,40,,,0.000833,5,0,210,152.96,1000000,37,22,0,,,N,N,N,Y,N,N,N,S,N
Chen_Zhang_AppMatINt_2019,0,0,5,0,0,0,2,0,0,0,0,0,0,0,0,0,0,0,0,40,,,0.000833,5,0,210,152.96,1000000,37,22,0,,,N,N,N,Y,N,N,N,S,N
Cidonio_Oreffo_Biofab_2019,0,0,7.5,0,0,0,0,0,0,0,0,0,0,0,0,0,0,0,0,300,,,,9.167,0,300,297.22,5000000,20.5,22,,,,N,N,N,N,N,Y,N,S,Y
Kolan_Leu_BioprintAmer_2019,3,3,0,0,0,0,0,0,0,0,0,0,0,0,300,0,0,0,600,0,27.6,,,15,0,410,1401.869,2000000,37,22,1,144,1,Y,Y,N,N,N,N,N,S,N
Kolan_Leu_BioprintAmer_2019,3,3,0,0,0,0,0,0,0,0,0,0,0,0,300,0,0,0,600,0,27.6,,,15,0,410,1561.572,2000000,37,22,7,144,1,Y,Y,N,N,N,N,N,S,N
Kolan_Leu_BioprintAmer_2019,3,3,0,0,0,0,0,0,0,0,0,0,0,0,,0,0,0,,0,27.6,,,15,0,410,1233.18,2000000,37,22,1,144,1,Y,Y,N,N,N,N,N,S,N
Kolan_Leu_BioprintAmer_2019,3,3,0,0,0,0,0,0,0,0,0,0,0,0,,0,0,0,,0,27.6,,,15,0,410,1251.31,2000000,37,22,7,144,1,Y,Y,N,N,N,N,N,S,N
Kolan_Leu_BioprintAmer_2019,3,3,0,0,0,0,0,0,0,0,0,0,0,0,,0,0,0,,0,27.6,,,15,0,410,1015.78,2000000,37,22,1,144,1,Y,Y,N,N,N,N,N,S,N
Kolan_Leu_BioprintAmer_2019,3,3,0,0,0,0,0,0,0,0,0,0,0,0,,0,0,0,,0,27.6,,,15,0,410,1074.07,2000000,37,22,7,144,1,Y,Y,N,N,N,N,N,S,N
Kolan_Leu_BioprintAmer_2019,3,3,0,0,0,0,0,0,0,0,0,0,0,0,,0,0,0,,0,27.6,,,15,0,410,1233.18,2000000,37,22,1,144,1,Y,Y,N,N,N,N,N,S,N
Kolan_Leu_BioprintAmer_2019,3,3,0,0,0,0,0,0,0,0,0,0,0,0,,0,0,0,,0,27.6,,,15,0,410,1251.31,2000000,37,22,7,144,1,Y,Y,N,N,N,N,N,S,N
Kolan_Leu_BioprintAmer_2019,3,3,0,0,0,0,0,0,0,0,0,0,0,0,,0,0,0,,0,27.6,,,15,0,410,1233.18,2000000,37,22,1,144,1,Y,Y,N,N,N,N,N,S,N
Kolan_Leu_BioprintAmer_2019,3,3,0,0,0,0,0,0,0,0,0,0,0,0,,0,0,0,,0,27.6,,,15,0,410,1251.31,2000000,37,22,7,144,1,Y,Y,N,N,N,N,N,S,N
Kolan_Leu_BioprintAmer_2019,3,3,0,0,0,0,0,0,0,0,0,0,0,0,,0,0,0,,0,27.6,,,15,0,410,1015.78,2000000,37,22,1,144,1,Y,Y,N,N,N,N,N,S,N
Kolan_Leu_BioprintAmer_2019,3,3,0,0,0,0,0,0,0,0,0,0,0,0,,0,0,0,,0,27.6,,,15,0,410,1074.07,2000000,37,22,7,144,1,Y,Y,N,N,N,N,N,S,N
Kolan_Leu_BioprintAmer_2019,3,3,0,0,0,0,0,0,0,0,0,0,0,0,,0,0,0,,0,27.6,,,15,0,410,1015.78,2000000,37,22,1,144,1,Y,Y,N,N,N,N,N,S,N
Kolan_Leu_BioprintAmer_2019,3,3,0,0,0,0,0,0,0,0,0,0,0,0,,0,0,0,,0,27.6,,,15,0,410,1074.07,2000000,37,22,7,144,1,Y,Y,N,N,N,N,N,S,N
Li_Xu_3Biotech_2018,2,10,0,0,0,0,0,0,0,0,0,0,0,0,270.3,0,0,0,180,0,,,0.15,3.5,0,260,234.14,2000000,37,8,0,,1,N,N,N,Y,N,N,N,S,Y
Li_Xu_3Biotech_2018,2,10,0,0,0,0,0,0,0,0,0,0,0,0,270.3,0,0,0,180,0,,,0.15,3.5,0,260,181.71,2000000,37,8,7,,1,N,N,N,Y,N,N,N,S,N
Li_Xu_3Biotech_2018,2,10,0,0,0,0,0,0,0,0,0,0,0,0,270.3,0,0,0,180,0,,,0.15,3.5,0,260,132.84,2000000,37,8,14,,1,N,N,N,Y,N,N,N,S,N
Li_Fu_SciRep_2018,8,20,0,0,0,0,0,0,0,0,0,0,0,0,901.1,0,0,0,600,0,280,,,6.5,0,340,568.017,10000000,10,10,0,1256.637061,3,Y,N,N,N,N,N,N,S,N
Li_Fu_SciRep_2018,8,20,0,0,0,0,0,0,0,0,0,0,0,0,901.1,0,0,0,600,0,280,,,6.5,0,340,543.08,10000000,10,10,14,1256.637061,3,Y,N,N,N,N,N,N,S,N
Li_Fu_SciRep_2018,8,20,0,0,0,0,0,0,0,0,0,0,0,0,901.1,68,0,0,600,0,250,,,6.5,0,340,488.83,10000000,10,10,0,1256.637061,3,Y,N,N,Y,N,N,N,S,N
Li_Fu_SciRep_2018,8,20,0,0,0,0,0,0,0,0,0,0,0,0,901.1,68,0,0,600,0,250,,,6.5,0,340,574.24,10000000,10,10,14,1256.637061,3,Y,N,N,Y,N,N,N,S,N
Li_Fu_SciRep_2018,8,20,0,0,0,0,0,0,0,0,0,0,0,0,901.1,136,0,0,600,0,230,,,6.5,0,340,643.59,10000000,10,10,0,1256.637061,3,Y,N,N,Y,N,N,N,S,N
Li_Fu_SciRep_2018,8,20,0,0,0,0,0,0,0,0,0,0,0,0,901.1,136,0,0,600,0,230,,,6.5,0,340,651.22,10000000,10,10,14,1256.637061,3,Y,N,N,Y,N,N,N,S,N
Li_Fu_SciRep_2018,8,20,0,0,0,0,0,0,0,0,0,0,0,0,901.1,272,0,0,600,0,180,,,6.5,0,340,793.49,10000000,10,10,0,1256.637061,3,Y,N,N,Y,N,N,N,S,N
Li_Fu_SciRep_2018,8,20,0,0,0,0,0,0,0,0,0,0,0,0,901.1,272,0,0,600,0,180,,,6.5,0,340,716.9,10000000,10,10,14,1256.637061,3,Y,N,N,Y,N,N,N,S,N
Moncal_Ozbolat_JMatSciMatMed_2019,0,0,0,0,0,0,0,30,3,0,0,0,0,0,,0,0,0,0,0,67.5,,,3.33,0,337,462,10000000,44,37,0,,,N,N,N,N,N,N,N,S,N
Moncal_Ozbolat_JMatSciMatMed_2019,0,0,0,0,0,0,0,30,3,0,0,0,0,0,,0,0,0,0,0,67.5,,,3.33,0,337,462,10000000,44,37,0,,,N,N,N,N,N,N,N,S,N
Moncal_Ozbolat_JMatSciMatMed_2019,0,0,0,0,0,0,0,30,3,0,0,0,0,0,,0,0,0,0,0,67.5,,,3.33,0,337,462,10000000,44,37,0,,,N,N,N,N,N,N,N,S,N
Kang_Jin_Small_2020,0,0,0,0,0,0,0,0,3,0,0,0,0,0,0,0,0,0,0,0,45,6.67,,,0,500,1000,6000000,,37,1,0.785398163,0.5,Y,Y,N,Y,N,N,N,C,N
Kang_Jin_Small_2020,0,0,0,0,0,0,0,0,3,0,0,0,0,0,0,0,0,0,0,0,45,6.67,,,0,500,1000,6000000,,37,4,0.785398163,0.5,Y,Y,N,Y,N,N,N,C,N
Kang_Jin_Small_2020,0,0,0,0,0,0,0,0,3,0,0,0,0,0,0,0,0,0,0,0,45,6.67,,,0,500,1000,6000000,,37,7,0.785398163,0.5,Y,Y,N,Y,N,N,N,C,N
Kang_Jin_Small_2020,0,0,0,0,0,0,0,0,3,0,0,0,0,0,0,0,0,0,0,0,45,6.67,,,0,500,1000,6000000,,37,1,0.785398163,0.5,Y,Y,N,Y,N,N,N,C,N
Kang_Jin_Small_2020,0,0,0,0,0,0,0,0,3,0,0,0,0,0,0,0,0,0,0,0,45,6.67,,,0,500,1000,6000000,,37,4,0.785398163,0.5,Y,Y,N,Y,N,N,N,C,N
Kang_Jin_Small_2020,0,0,0,0,0,0,0,0,3,0,0,0,0,0,0,0,0,0,0,0,45,6.67,,,0,500,1000,6000000,,37,7,0.785398163,0.5,Y,Y,N,Y,N,N,N,C,N
Kang_Jin_Small_2020,0,0,0,0,0,0,0,0,3,0,0,0,0,0,0,0,0,0,0,0,45,6.67,,,0,500,1000,6000000,,37,1,0.785398163,0.5,Y,Y,N,Y,N,N,N,C,N
Kang_Jin_Small_2020,0,0,0,0,0,0,0,0,3,0,0,0,0,0,0,0,0,0,0,0,45,6.67,,,0,500,1000,6000000,,37,4,0.785398163,0.5,Y,Y,N,Y,N,N,N,C,N
Kang_Jin_Small_2020,0,0,0,0,0,0,0,0,3,0,0,0,0,0,0,0,0,0,0,0,45,6.67,,,0,500,1000,6000000,,37,7,0.785398163,0.5,Y,Y,N,Y,N,N,N,C,N
Kang_Jin_Small_2020,0,0,0,0,0,0,0,0,3,0,0,0,0,0,0,0,0,0,0,0,45,6.67,,,0,500,1174.605,6000000,,37,1,0.785398163,0.5,Y,Y,N,Y,N,N,N,C,N
Kang_Jin_Small_2020,0,0,0,0,0,0,0,0,3,0,0,0,0,0,0,0,0,0,0,0,45,6.67,,,0,500,1185.569,6000000,,37,5,0.785398163,0.5,Y,Y,N,Y,N,N,N,C,N
Kang_Jin_Small_2020,0,0,0,0,0,0,0,0,3,0,0,0,0,0,0,0,0,0,0,0,45,6.67,,,0,500,1974.411,6000000,,37,10,0.785398163,0.5,Y,Y,N,Y,N,N,N,C,N
Kang_Jin_Small_2020,0,0,0,0,0,0,0,0,3,0,0,0,0,0,0,0,0,0,0,0,45,6.67,,,0,500,1347.79,6000000,,37,1,0.785398163,0.5,Y,Y,N,Y,N,N,N,C,N
Kang_Jin_Small_2020,0,0,0,0,0,0,0,0,3,0,0,0,0,0,0,0,0,0,0,0,45,6.67,,,0,500,1430.34,6000000,,37,7,0.785398163,0.5,Y,Y,N,Y,N,N,N,C,N
Kang_Jin_Small_2020,0,0,0,0,0,0,0,0,3,0,0,0,0,0,0,0,0,0,0,0,45,6.67,,,0,500,1215.505,6000000,,37,10,0.785398163,0.5,Y,Y,N,Y,N,N,N,C,N
Kang_Jin_Small_2020,0,0,0,0,0,0,0,0,3,0,0,0,0,0,0,0,0,0,0,0,45,6.67,,,0,500,1319.245,6000000,,37,1,0.785398163,0.5,Y,Y,N,Y,N,N,N,C,N
Kang_Jin_Small_2020,0,0,0,0,0,0,0,0,3,0,0,0,0,0,0,0,0,0,0,0,45,6.67,,,0,500,1385.098,6000000,,37,7,0.785398163,0.5,Y,Y,N,Y,N,N,N,C,N
Kang_Jin_Small_2020,0,0,0,0,0,0,0,0,3,0,0,0,0,0,0,0,0,0,0,0,45,6.67,,,0,500,1210.715,6000000,,37,10,0.785398163,0.5,Y,Y,N,Y,N,N,N,C,N
Gao_Cho_AdvFuncMat_2017,2,0,0,0,0,0,0,0,0,0,0,0,0,0,100,0,0,0,,0,5,,,,1067,1327,1240.192,10000000,,22,0,,,N,Y,N,Y,N,N,N,S,Y
Gao_Cho_AdvFuncMat_2017,2,0,0,0,0,0,0,0,0,0,0,0,0,0,100,0,0,0,,0,5,,,,1067,1327,1059.551,10000000,,22,1,,,N,Y,N,Y,N,N,N,S,N
Gao_Cho_AdvFuncMat_2017,2,0,0,0,0,0,0,0,0,0,0,0,0,0,100,0,0,0,,0,5,,,,1067,1327,1274.433,10000000,,22,4,,,N,Y,N,Y,N,N,N,S,Y
Gao_Cho_AdvFuncMat_2017,2,0,0,0,0,0,0,0,0,0,0,0,0,0,100,0,0,0,,0,5,,,,1067,1327,1315.53,10000000,,22,7,,,N,Y,N,Y,N,N,N,S,Y
Yu_Ozbolat_JBiomechEng_2013,4,0,0,0,0,0,0,0,0,0,0,0,0,0,360.4,0,0,0,,0,34.47,,0.0333,,0,1190,1190,2000000,,22,0.5,,,N,Y,N,N,N,N,N,S,Y
Yu_Ozbolat_JBiomechEng_2013,4,0,0,0,0,0,0,0,0,0,0,0,0,0,360.4,0,0,0,,0,68.95,,0.0333,,0,1190,1190,2000000,,22,0.5,,,N,Y,N,N,N,N,N,S,Y
Yu_Ozbolat_JBiomechEng_2013,4,0,0,0,0,0,0,0,0,0,0,0,0,0,360.4,0,0,0,,0,137.9,,0.0333,,0,1190,1190,2000000,,22,0.5,,,N,Y,N,N,N,N,N,S,Y
Yu_Ozbolat_JBiomechEng_2013,2,0,0,0,0,0,0,0,0,0,0,0,0,0,360.4,0,0,0,,0,34.47,,0.0333,,0,1190,1190,2000000,,22,0.5,,,N,Y,N,N,N,N,N,S,Y
Yu_Ozbolat_JBiomechEng_2013,4,0,0,0,0,0,0,0,0,0,0,0,0,0,360.4,0,0,0,,0,34.47,,0.0333,,0,1190,1190,2000000,,22,0.5,,,N,Y,N,N,N,N,N,S,Y
Yu_Ozbolat_JBiomechEng_2013,6,0,0,0,0,0,0,0,0,0,0,0,0,0,360.4,0,0,0,,0,34.47,,0.0333,,0,1190,1190,2000000,,22,0.5,,,N,Y,N,N,N,N,N,S,Y
Yu_Ozbolat_JBiomechEng_2013,4,0,0,0,0,0,0,0,0,0,0,0,0,0,360.4,0,0,0,,0,34.47,,0.0333,,0,1190,1190,4000000,,22,0.5,,,N,Y,N,N,N,N,N,S,Y
Yu_Ozbolat_JBiomechEng_2013,4,0,0,0,0,0,0,0,0,0,0,0,0,0,360.4,0,0,0,,0,68.95,,0.0333,,0,1190,1190,4000000,,22,0.5,,,N,Y,N,N,N,N,N,S,Y
Yu_Ozbolat_JBiomechEng_2013,4,0,0,0,0,0,0,0,0,0,0,0,0,0,360.4,0,0,0,,0,137.9,,0.0333,,0,1190,1190,4000000,,22,0.5,,,N,Y,N,N,N,N,N,S,Y
Yu_Ozbolat_JBiomechEng_2013,4,0,0,0,0,0,0,0,0,0,0,0,0,0,360.4,0,0,0,,0,34.47,,0.0333,,0,1190,1190,8000000,,22,0.5,,,N,Y,N,N,N,N,N,S,Y
Yu_Ozbolat_JBiomechEng_2013,4,0,0,0,0,0,0,0,0,0,0,0,0,0,360.4,0,0,0,,0,68.95,,0.0333,,0,1190,1190,8000000,,22,0.5,,,N,Y,N,N,N,N,N,S,Y
Yu_Ozbolat_JBiomechEng_2013,4,0,0,0,0,0,0,0,0,0,0,0,0,0,360.4,0,0,0,,0,137.9,,0.0333,,0,1190,1190,8000000,,22,0.5,,,N,Y,N,N,N,N,N,S,Y
Yu_Ozbolat_JBiomechEng_2013,4,0,0,0,0,0,0,0,0,0,0,0,0,0,360.4,0,0,0,,0,34.47,,0.0333,,641,1190,1103.19,2000000,,22,,,,N,Y,N,N,N,N,N,S,Y
Yu_Ozbolat_JBiomechEng_2013,4,0,0,0,0,0,0,0,0,0,0,0,0,0,360.4,0,0,0,,0,34.7,,0.0333,,457,1190,1227.6,2000000,,22,0.5,,,N,Y,N,N,N,N,N,S,Y
Yu_Ozbolat_JBiomechEng_2013,4,0,0,0,0,0,0,0,0,0,0,0,0,0,360.4,0,0,0,,0,34.7,,0.0333,,457,1190,1136.08,2000000,,22,3,,,N,Y,N,N,N,N,N,S,Y
Yu_Ozbolat_JBiomechEng_2013,4,0,0,0,0,0,0,0,0,0,0,0,0,0,360.4,0,0,0,,0,68.95,,0.0333,,457,1190,1227.6,2000000,,22,0.5,,,N,Y,N,N,N,N,N,S,Y
Yu_Ozbolat_JBiomechEng_2013,4,0,0,0,0,0,0,0,0,0,0,0,0,0,360.4,0,0,0,,0,68.95,,0.0333,,457,1190,1136.08,2000000,,22,3,,,N,Y,N,N,N,N,N,S,Y
Yu_Ozbolat_JBiomechEng_2013,4,0,0,0,0,0,0,0,0,0,0,0,0,0,360.4,0,0,0,,0,137.9,,0.0333,,457,1190,1227.6,2000000,,22,0.5,,,N,Y,N,N,N,N,N,S,Y
Yu_Ozbolat_JBiomechEng_2013,4,0,0,0,0,0,0,0,0,0,0,0,0,0,360.4,0,0,0,,0,137.9,,0.0333,,457,1190,1136.08,2000000,,22,3,,,N,Y,N,N,N,N,N,S,Y
Zhang_Ozbolat_BiomatSci_2015,4,0,0,0,0,0,0,0,0,0,0,0,0,0,360.4,0,0,0,,0,21,,,,520,540,819.92,10000000,,22,1,,,N,Y,N,N,N,N,N,S,N
Zhang_Ozbolat_BiomatSci_2015,4,0,0,0,0,0,0,0,0,0,0,0,0,0,360.4,0,0,0,,0,21,,,,520,540,700.35,10000000,,22,4,,,N,Y,N,N,N,N,N,S,N
Zhang_Ozbolat_BiomatSci_2015,4,0,0,0,0,0,0,0,0,0,0,0,0,0,360.4,0,0,0,,0,21,,,,520,540,677.57,10000000,,22,7,,,N,Y,N,N,N,N,N,S,N
Jia_Khademhosseini_Biomat_2016,3,0,7,0,0,0,2,0,0,0,0,0,0,0,300,0,0,0,,20,,,0.000583333,4,565,603,1105.56,6000000,37,22,1,72,2.5,Y,Y,N,Y,N,Y,N,S,N
Jia_Khademhosseini_Biomat_2016,3,0,7,0,0,0,2,0,0,0,0,0,0,0,300,0,0,0,,30,,,0.000583333,4,565,603,934.1,6000000,37,22,1,72,2.5,Y,Y,N,Y,N,Y,N,S,N
Jia_Khademhosseini_Biomat_2016,3,0,7,0,0,0,2,0,0,0,0,0,0,0,300,0,0,0,,40,,,0.000583333,4,565,603,838.11,6000000,37,22,1,72,2.5,Y,Y,N,Y,N,Y,N,S,N
Jia_Khademhosseini_Biomat_2016,3,0,7,0,0,0,2,0,0,0,0,0,0,0,300,0,0,0,,20,,,0.000583333,4,565,603,1159.63,6000000,37,22,3,72,2.5,Y,Y,N,Y,N,Y,N,S,N
Jia_Khademhosseini_Biomat_2016,3,0,7,0,0,0,2,0,0,0,0,0,0,0,300,0,0,0,,30,,,0.000583333,4,565,603,873.47,6000000,37,22,3,72,2.5,Y,Y,N,Y,N,Y,N,S,N
Jia_Khademhosseini_Biomat_2016,3,0,7,0,0,0,2,0,0,0,0,0,0,0,300,0,0,0,,40,,,0.000583333,4,565,603,896.4,6000000,37,22,3,72,2.5,Y,Y,N,Y,N,Y,N,S,N
Jia_Khademhosseini_Biomat_2016,3,0,7,0,0,0,2,0,0,0,0,0,0,0,300,0,0,0,,20,,,0.000583333,4,565,603,1160.49,6000000,37,22,7,72,2.5,Y,Y,N,Y,N,Y,N,S,N
Jia_Khademhosseini_Biomat_2016,3,0,7,0,0,0,2,0,0,0,0,0,0,0,300,0,0,0,,30,,,0.000583333,4,565,603,968.59,6000000,37,22,7,72,2.5,Y,Y,N,Y,N,Y,N,S,N
Jia_Khademhosseini_Biomat_2016,3,0,7,0,0,0,2,0,0,0,0,0,0,0,300,0,0,0,,40,,,0.000583333,4,565,603,950.61,6000000,37,22,7,72,2.5,Y,Y,N,Y,N,Y,N,S,N
Idaszek_Swieszkowski_Biofab_2019,4,0,6,0,0,0,0,0,0,0,0,0,0,0,0,0,0,0,0,30,,,,235,0,260,173.84,10000000,,22,0,,,Y,N,N,N,N,Y,N,S,N
Idaszek_Swieszkowski_Biofab_2019,4,0,6,0,0,0,0,0,0,0,0,0,0,0,0,0,0,0,0,30,,,,235,0,260,184.215,10000000,,22,0,,,Y,N,N,N,N,Y,N,S,N
Idaszek_Swieszkowski_Biofab_2019,4,0,6,0.5,0,0,0,0,0,0.5,0,0,0,0,0,0,0,0,0,30,,,,235,0,260,226.11,10000000,,22,0,,,Y,N,N,N,N,Y,N,S,N
Gao_Ma_Biomat_2015,2,0,0,0,0,0,0,0,0,0,0,0,0,0,180.2,0,0,0,,0,,,0.0167,16.67,819,1600,930.16,1000000,,,,,,Y,Y,N,N,N,N,N,S,N
Colosi_Khademhosseini_AdvMat_2016,4,0,5,0,0,0,0,0,0,0,0,0,0,0,300,0,0,0,,30,,,0.0000833,4,0,210,222.44,10000000,37,22,1,,3,N,Y,N,Y,N,Y,N,S,Y
Colosi_Khademhosseini_AdvMat_2016,4,0,5,0,0,0,0,0,0,0,0,0,0,0,300,0,0,0,,30,,,0.0000833,4,0,210,222.53,10000000,37,22,1,,3,N,Y,N,Y,N,Y,N,S,Y
Colosi_Khademhosseini_AdvMat_2016,4,0,5,0,0,0,0,0,0,0,0,0,0,0,300,0,0,0,,30,,,0.0000833,4,0,210,211.32,10000000,37,22,1,,3,N,Y,N,Y,N,Y,N,S,Y
Colosi_Khademhosseini_AdvMat_2016,4,0,4.5,0,0,0,0,0,0,0,0,0,0,0,300,0,0,0,,15,,,0.0000833,4,0,210,219.75,10000000,37,22,3,,3,N,Y,N,Y,N,Y,N,S,Y
Colosi_Khademhosseini_AdvMat_2016,4,0,4.5,0,0,0,0,0,0,0,0,0,0,0,300,0,0,0,,20,,,0.0000833,4,0,210,349.78,10000000,37,22,3,,3,N,Y,N,Y,N,Y,N,S,N
Colosi_Khademhosseini_AdvMat_2016,4,0,4.5,0,0,0,0,0,0,0,0,0,0,0,300,0,0,0,,25,,,0.0000833,4,0,210,221.294,10000000,37,22,3,,3,N,Y,N,Y,N,Y,N,S,Y
Colosi_Khademhosseini_AdvMat_2016,4,0,4.5,0,0,0,0,0,0,0,0,0,0,0,300,0,0,0,,30,,,0.0000833,4,0,210,318.22,10000000,37,22,3,,3,N,Y,N,Y,N,Y,N,S,N
Colosi_Khademhosseini_AdvMat_2016,4,0,4.5,0,0,0,0,0,0,0,0,0,0,0,300,0,0,0,,45,,,0.0000833,4,0,210,310.92,10000000,37,22,3,,3,N,Y,N,Y,N,Y,N,S,N
Colosi_Khademhosseini_AdvMat_2016,4,0,4.5,0,0,0,0,0,0,0,0,0,0,0,300,0,0,0,,60,,,0.0000833,4,0,210,247.75,10000000,37,22,3,,3,N,Y,N,Y,N,Y,N,S,N
Ouyang_burdick_AdvMat_2017,0,0,0,0,5,0,0,0,0,0,0,0,0,0,0,0,0,0,0,120,,,0.00667,5,0,337,679.73,2500000,,,0,,,N,Y,N,N,N,Y,N,S,N
Ouyang_burdick_AdvMat_2017,0,0,0,0,5,0,0,0,0,0,0,0,0,0,0,0,0,0,0,120,,,0.00667,5,0,337,688.16,2500000,,,7,,,N,Y,N,N,N,Y,N,S,N
Ouyang_burdick_AdvMat_2017,0,0,0,0,0,2,0,0,0,0,0,0,0,0,0,0,0,0,0,120,,,0.00667,5,0,337,578.47,2500000,,,0,,,N,Y,N,N,N,Y,N,S,N
Ouyang_burdick_AdvMat_2017,0,0,0,0,0,2,0,0,0,0,0,0,0,0,0,0,0,0,0,120,,,0.00667,5,0,337,608.07,2500000,,,7,,,N,Y,N,N,N,Y,N,S,N
Ouyang_burdick_AdvMat_2017,0,0,5,0,0,0,0,0,0,0,0,0,0,0,0,0,0,0,0,120,,,0.00667,5,0,337,582.51,2500000,,,0,,,N,Y,N,N,N,Y,N,S,N
Ouyang_burdick_AdvMat_2017,0,0,5,0,0,0,0,0,0,0,0,0,0,0,0,0,0,0,0,120,,,0.00667,5,0,337,505,2500000,,,7,,,N,Y,N,N,N,Y,N,S,N
Ouyang_burdick_AdvMat_2017,0,0,0,0,0,0,0,0,0,0,0,0,5,0,0,0,0,0,0,120,,,0.00667,5,0,337,654.69,2500000,,,0,,,N,Y,N,N,N,Y,N,S,N
Ouyang_burdick_AdvMat_2017,0,0,0,0,0,0,0,0,0,0,0,0,5,0,0,0,0,0,0,120,,,0.00667,5,0,337,555.38,2500000,,,7,,,N,Y,N,N,N,Y,N,S,N
Ouyang_burdick_AdvMat_2017,0,0,0,0,0,2,0,0,0,0,0,0,0,0,0,0,0,0,0,120,,,0.00667,5,0,337,417.2,2500000,,,0,,,N,Y,N,N,N,Y,N,S,N
Ouyang_burdick_AdvMat_2017,0,0,0,0,0,2,0,0,0,0,0,0,0,0,0,0,0,0,0,120,,,0.00667,5,0,337,410.53,2500000,,,7,,,N,Y,N,N,N,Y,N,S,N
Kosik-Koziol_Swieszkowski_Biofab_2019,4,0,6,0,0,0,0,0,0,0,0,0,0,0,190,0,0,0,,30,,,0.000085,3.9,0,250,96.66,10000000,,,0.125,64,1,N,Y,N,N,N,Y,N,S,N
Kosik-Koziol_Swieszkowski_Biofab_2019,4,0,6,0,0,0,0,0,0,0,0,0,0,0,190,0,0,0,,30,,,0.000085,3.9,0,250,113.42,10000000,,,7,64,1,N,Y,N,N,N,Y,N,S,N
Kosik-Koziol_Swieszkowski_Biofab_2019,4,0,6,0,0,0,0,0,0,0,0,0,0,0,190,0,0,0,,30,,,0.000085,3.9,0,250,190.72,10000000,,,21,64,1,N,Y,N,N,N,Y,N,S,N
Kosik-Koziol_Swieszkowski_Biofab_2019,4,0,6,0,0,0,0,0,0,0.5,0,0,0,0,190,0,0,0,,30,,,0.000085,3.9,0,250,100.82,10000000,,,0.125,64,1,N,Y,N,N,N,Y,N,S,N
Kosik-Koziol_Swieszkowski_Biofab_2019,4,0,6,0,0,0,0,0,0,0.5,0,0,0,0,190,0,0,0,,30,,,0.000085,3.9,0,250,140.6,10000000,,,7,64,1,N,Y,N,N,N,Y,N,S,N
Kosik-Koziol_Swieszkowski_Biofab_2019,4,0,6,0,0,0,0,0,0,0.5,0,0,0,0,190,0,0,0,,30,,,0.000085,3.9,0,250,233.45,10000000,,,21,64,1,N,Y,N,N,N,Y,N,S,Y
Akkineni_Gelinsky_Biofab_2016,3,1,0,0,0,0,0,0,0,0,0,0,0,0,200,0,0,0,900,0,20,,,,0,200,355.88,500000,35,,1,25,1.25,Y,N,N,N,N,N,N,S,N
Akkineni_Gelinsky_Biofab_2016,3,1,0,0,0,0,0,0,0,0,0,0,0,0,200,0,0,0,900,0,20,,,,0,200,608.54,500000,35,,21,25,1.25,Y,N,N,N,N,N,N,S,N
Dai 2016,1,10,0,0,0,0,1,0,0,0,0,0,0,0,270,0,0,0,,0,,,,,0,260,277.74,2000000,25,4,0,,,Y,N,N,N,N,N,N,,Y
Duin 2019,3,0,0,0,0,0,0,0,0,0,0,9,0,0,0,0,0,70,600,0,45,,,10,0,840,763.25,,,,1,27,,Y,N,N,N,N,N,N,C,Y
Duin 2019,3,0,0,0,0,0,0,0,0,0,0,0,0,0,0,0,0,70,600,0,45,,,10,0,840,922.18,,,,7,27,,Y,N,N,N,N,N,N,C,Y
Giuseppe 2018,5,6,0,0,0,0,0,0,0,0,0,0,0,0,300,0,0,0,480,0,103,,,,0,230,350,,37,22,0.042,37.5,0.5,Y,N,N,N,N,N,N,,N
Giuseppe 2018,5,8,0,0,0,0,0,0,0,0,0,0,0,0,300,0,0,0,480,0,172,,,,0,230,370,,37,22,0.042,37.5,0.5,Y,N,N,N,N,N,N,,N
Giuseppe 2018,7,8,0,0,0,0,0,0,0,0,0,0,0,0,300,0,0,0,480,0,193,,,,0,230,310,,37,22,0.042,37.5,0.5,Y,N,N,N,N,N,N,,N
Othman 2020,10,50,0,0,0,0,0,0,0,0,0,0,0,0,180.2,0,0,0,1200,0,,50,0.0167,,0,1000,1500,,,,15,,,N,Y,N,N,N,N,N,C,N
Ouyang 2015,1,10,0,0,0,0,0,0,0,0,0,0,0,0,100,0,0,0,180,0,,,,,0,250,415,2000000,4,4,0,64,5.4,N,N,N,Y,N,N,N,S,N
Ouyang 2015,1,10,0,0,0,0,0,0,0,0,0,0,0,0,100,0,0,0,180,0,,,,,0,250,415,2000000,25,10,0,64,5.4,N,N,N,Y,N,N,N,S,N
Ouyang 2015,1,10,0,0,0,0,0,0,0,0,0,0,0,0,100,0,0,0,180,0,,,,,0,250,415,2000000,25,25,0,64,5.4,N,N,N,Y,N,N,N,S,N
Ouyang 2016,1,10,0,0,0,0,0,0,0,0,0,0,0,0,100,0,0,0,180,0,,,0.00068,,0,250,500,1000000,30,22.5,0,144,1.15,N,N,N,Y,N,N,N,S,N
Ouyang 2016,1,10,0,0,0,0,0,0,0,0,0,0,0,0,100,0,0,0,180,0,,,0.00068,,0,250,500,1000000,27.5,22.5,0,144,1.15,N,N,N,Y,N,N,N,S,N
Ouyang 2016,1,10,0,0,0,0,0,0,0,0,0,0,0,0,100,0,0,0,180,0,,,0.00068,,0,250,500,1000000,25,22.5,0,144,1.15,N,N,N,Y,N,N,N,S,N
Ouyang 2016,1,7.5,0,0,0,0,0,0,0,0,0,0,0,0,100,0,0,0,180,0,,,0.00068,,0,250,500,1000000,30,22.5,0,144,1.15,N,N,N,Y,N,N,N,S,N
Ouyang 2016,1,7.5,0,0,0,0,0,0,0,0,0,0,0,0,100,0,0,0,180,0,,,0.00068,,0,250,500,1000000,27.5,22.5,0,144,1.15,N,N,N,Y,N,N,N,S,N
Ouyang 2016,1,7.5,0,0,0,0,0,0,0,0,0,0,0,0,100,0,0,0,180,0,,,0.00068,,0,250,500,1000000,25,22.5,0,144,1.15,N,N,N,Y,N,N,N,S,N
Ouyang 2016,1,7.5,0,0,0,0,0,0,0,0,0,0,0,0,100,0,0,0,180,0,,,0.00068,,0,250,500,1000000,22.5,22.5,0,144,1.15,N,N,N,Y,N,N,N,S,N
Ouyang 2016,1,5,0,0,0,0,0,0,0,0,0,0,0,0,100,0,0,0,180,0,,,0.00068,,0,250,500,1000000,30,22.5,0,144,1.15,N,N,N,Y,N,N,N,S,N
Ouyang 2016,1,5,0,0,0,0,0,0,0,0,0,0,0,0,100,0,0,0,180,0,,,0.00068,,0,250,500,1000000,27.5,22.5,0,144,1.15,N,N,N,Y,N,N,N,S,N
Ouyang 2016,1,5,0,0,0,0,0,0,0,0,0,0,0,0,100,0,0,0,180,0,,,0.00068,,0,250,500,1000000,25,22.5,0,144,1.15,N,N,N,Y,N,N,N,S,N
Ouyang 2016,1,5,0,0,0,0,0,0,0,0,0,0,0,0,100,0,0,0,180,0,,,0.00068,,0,250,500,1000000,22.5,22.5,0,144,1.15,N,N,N,Y,N,N,N,S,N
Ouyang 2016,1,7.5,0,0,0,0,0,0,0,0,0,0,0,0,100,0,0,0,180,0,,,0.00068,,0,250,500,1000000,22.5,22.5,0,144,1.15,N,N,N,Y,N,N,N,S,N
Ouyang 2016,1,7.5,0,0,0,0,0,0,0,0,0,0,0,0,100,0,0,0,180,0,,,0.00068,,0,250,500,1000000,22.5,22.5,0,144,1.15,N,N,N,Y,N,N,N,S,N
Ouyang 2016,1,7.5,0,0,0,0,0,0,0,0,0,0,0,0,100,0,0,0,180,0,,,0.00068,,0,250,500,1000000,22.5,22.5,0,144,1.15,N,N,N,Y,N,N,N,S,N
Yao 2019,1,3,0,0,0,0,0,0,0.01,0,0,0,0,0,180.2,0,0,0,600,0,250,,,6.5,0,340,973,1000000,15,4,3,707,3.5,N,N,N,Y,N,N,N,C,N
Zhao 2014,1,10,0,0,0,0,2,0,0,0,0,0,0,0,270.3,0,0,0,900,0,,,0.00017,,0,250,500,1000000,25,10,0,100,2,Y,N,N,Y,N,N,N,S,N
Zhao 2014,1,10,0,0,0,0,2,0,0,0,0,0,0,0,270.3,0,0,0,900,0,,,0.00017,,0,250,500,1000000,20,10,0,100,2,Y,N,N,Y,N,N,N,S,N
Zhao 2014,1,10,0,0,0,0,2,0,0,0,0,0,0,0,270.3,0,0,0,900,0,,,0.00017,,0,250,500,1000000,15,10,0,100,2,Y,N,N,Y,N,N,N,S,N
Zhao 2014,1,10,0,0,0,0,2,0,0,0,0,0,0,0,270.3,0,0,0,900,0,,,0.00017,,0,250,500,1000000,10,10,0,100,2,Y,N,N,Y,N,N,N,S,N
Gantumar_Sakai,0.5,0,0,0,0,0,0,0,0,0,0,1.5,0,0,0,0,0,0,0,0,,22,,22,0,210,1653.93,500000,22,22,1,420,1,N,N,N,Y,N,N,N,S,N
Gantumar_Sakai,0.5,0,0,0,0,0,0,0,0,0,0,1.5,0,0,0,0,0,,0,0,,22,,22,0,210,1318.33,500000,22,22,7,420,1,N,N,N,Y,N,N,N,S,N
Bociaga_Rosinska_Mat_2020,5,4,0,0,0,0,0,0,0,0,0,0,0,0,,0,0,0,,0,100,2,,,0,300,1090.9,,34,10,0,156.25,0.35,Y,N,N,N,N,N,N,S,N
Bociaga_Rosinska_Mat_2020,5,4,0,0,0,0,0,0,0,0,0,0,0,0,,0,0,0,,0,100,2,,,0,300,1090.9,,37,10,0,156.25,0.35,Y,N,N,N,N,N,N,S,N
Bociaga_Rosinska_Mat_2020,5,4,0,0,0,0,0,0,0,0,0,0,0,0,,0,0,0,,0,100,2,,,0,300,1090.9,,40,10,0,156.25,0.35,Y,N,N,N,N,N,N,S,N
Fisch_Zenobi-Wong_Biofab_2021,3,0,0,0,0,0,0,0,0,0,2,0,0,0,100,0,0,0,,0,26,,0.00224,13.33,0,410,1014.53,3000000,22,22,0,28.27,1,Y,N,N,N,N,N,N,C,N
Fisch_Zenobi-Wong_Biofab_2021,3,0,0,0,0,0,0,0,0,0,2,0,0,0,100,0,0,0,,0,26,,0.00224,13.33,0,410,1113.08,3000000,22,22,0,28.27,1,Y,N,N,N,N,N,N,C,N
Fisch_Zenobi-Wong_Biofab_2021,3,0,0,0,0,0,0,0,0,0,2,0,0,0,100,0,0,0,,0,26,,0.00224,13.33,0,410,1014.53,10000000,22,22,0,28.27,1,Y,N,N,N,N,N,N,C,N
Fisch_Zenobi-Wong_Biofab_2021,3,0,0,0,0,0,0,0,0,0,2,0,0,0,100,0,0,0,,0,26,,0.00224,13.33,0,410,1113.08,10000000,22,22,0,28.27,1,Y,N,N,N,N,N,N,C,N
Li_Zhou_AddMan_2021,0,0,10,0,0,0,0,0,0,0,0,0,0,0,0,0,0,0,0,10,,,,,0,250,307.47,366000,26,22,0,,,N,N,N,Y,N,N,N,S,N
Li_Zhou_AddMan_2021,0,0,10,0,0,0,0,0,0,0,0,0,0,0,0,0,0,0,0,10,,,,,0,250,553.5373,366000,26,22,5,,,N,N,N,Y,N,N,N,S,N
Li_Zhou_AddMan_2021,0,0,10,0,0,0,0,0,0,0,0,0,0,0,0,0,0,0,0,10,,,,,0,250,667.041,366000,26,22,0,,,N,N,N,Y,N,N,N,S,N
Li_Zhou_AddMan_2021,0,0,10,0,0,0,0,0,0,0,0,0,0,0,0,0,0,0,0,10,,,,,0,250,525.147,366000,26,22,5,,,N,N,N,Y,N,N,N,S,N
Mistry_Yang_BiomacromolJ_2018,2,0,0,0,0,0,0,0,0,0,0,0,9,0,100,150,0,0,600,60,,,0.00167,,410,840,800,4000000,5,22,0,64,1,Y,N,N,N,N,N,Y,S,Y
Mistry_Yang_BiomacromolJ_2018,2,0,0,0,0,0,0,0,0,0,0,0,9,0,100,150,0,0,600,60,,,0.00167,,410,840,800,4000000,5,22,0,64,2,Y,N,N,N,N,N,Y,S,Y
Mistry_Yang_BiomacromolJ_2018,2,0,0,0,0,0,0,0,0,0,0,0,9,0,100,150,0,0,600,60,,,0.00167,,410,840,800,4000000,5,22,0,64,3,Y,N,N,N,N,N,Y,S,Y
Mistry_Yang_BiomacromolJ_2018,2,0,0,0,0,0,0,0,0,0,0,0,9,0,100,150,0,0,600,60,,,0.00167,,410,840,800,4000000,5,22,0,64,4,Y,N,N,N,N,N,Y,S,Y
Mistry_Yang_BiomacromolJ_2018,2,0,0,0,0,0,0,0,0,0,0,0,9,0,100,150,0,0,600,60,,,0.00167,,410,840,800,4000000,5,22,0,64,5,Y,N,N,N,N,N,Y,S,Y
Mistry_Yang_BiomacromolJ_2018,2,0,5,0,0,0,0,0,0,0,0,0,9,0,100,150,0,0,600,0,,,0.00167,,410,840,800,4000000,5,22,0,64,5,Y,N,N,N,N,N,Y,S,Y
Mistry_Yang_BiomacromolJ_2018,2,0,5,0,0,0,0,0,0,0,0,0,9,0,100,150,0,0,600,0,,,0.00167,,410,840,800,4000000,5,22,1,64,5,Y,N,N,N,N,N,Y,S,Y
Mistry_Yang_BiomacromolJ_2018,2,0,5,0,0,0,0,0,0,0,0,0,9,0,100,150,0,0,600,1200,,,0.00167,,410,840,800,4000000,5,22,0,64,5,Y,N,N,N,N,N,Y,S,Y
Mistry_Yang_BiomacromolJ_2018,2,0,5,0,0,0,0,0,0,0,0,0,9,0,100,150,0,0,600,1200,,,0.00167,,410,840,800,4000000,5,22,1,64,5,Y,N,N,N,N,N,Y,S,Y
Mistry_Yang_BiomacromolJ_2018,2,0,5,0,0,0,0,0,0,0,0,0,9,0,100,150,0,0,600,2400,,,0.00167,,410,840,800,4000000,5,22,0,64,5,Y,N,N,N,N,N,Y,S,Y
Mistry_Yang_BiomacromolJ_2018,2,0,5,0,0,0,0,0,0,0,0,0,9,0,100,150,0,0,600,2400,,,0.00167,,410,840,800,4000000,5,22,1,64,5,Y,N,N,N,N,N,Y,S,Y
Mistry_Yang_BiomacromolJ_2018,3,0,5,0,0,0,0,0,0,0,0,0,0,0,100,150,0,0,600,1200,,,0.00167,,410,840,800,4000000,5,22,0,64,5,Y,N,N,N,N,N,Y,S,Y
Mistry_Yang_BiomacromolJ_2018,3,0,5,0,0,0,0,0,0,0,0,0,0,0,100,150,0,0,600,1200,,,0.00167,,410,840,800,4000000,5,22,1,64,5,Y,N,N,N,N,N,Y,S,Y
Mistry_Yang_BiomacromolJ_2018,3,0,5,0,0,0,0,0,0,0,0,0,0,0,100,150,0,0,600,1200,,,0.00167,,410,840,800,4000000,5,22,7,64,5,Y,N,N,N,N,N,Y,S,Y
Mistry_Yang_BiomacromolJ_2018,2,0,5,0,0,0,0,0,0,0,0,0,9,0,100,150,0,0,600,1200,,,0.00167,,410,840,800,4000000,5,22,0,64,5,Y,N,N,N,N,N,Y,S,Y
Mistry_Yang_BiomacromolJ_2018,2,0,5,0,0,0,0,0,0,0,0,0,9,0,100,150,0,0,600,1200,,,0.00167,,410,840,800,4000000,5,22,1,64,5,Y,N,N,N,N,N,Y,S,Y
Mistry_Yang_BiomacromolJ_2018,2,0,5,0,0,0,0,0,0,0,0,0,9,0,100,150,0,0,600,1200,,,0.00167,,410,840,800,4000000,5,22,7,64,5,Y,N,N,N,N,N,Y,S,Y
Mistry_Yang_BiomacromolJ_2018,3,0,0,0,0,0,0,0,0,0,0,0,0,0,100,150,0,0,600,1200,,,0.00167,,410,840,800,4000000,5,22,0,64,5,Y,N,N,N,N,N,Y,S,Y
Mistry_Yang_BiomacromolJ_2018,3,0,0,0,0,0,0,0,0,0,0,0,0,0,100,150,0,0,600,1200,,,0.00167,,410,840,800,4000000,5,22,1,64,5,Y,N,N,N,N,N,Y,S,Y
Mistry_Yang_BiomacromolJ_2018,3,0,0,0,0,0,0,0,0,0,0,0,0,0,100,150,0,0,600,1200,,,0.00167,,410,840,800,4000000,5,22,7,64,5,Y,N,N,N,N,N,Y,S,Y
Mistry_Yang_BiomacromolJ_2018,3,0,0,0,0,0,0,0,0,0,0,0,0,0,100,150,0,0,600,1200,,,0.00167,,410,840,800,4000000,5,22,14,64,5,Y,N,N,N,N,N,Y,S,Y
Mistry_Yang_BiomacromolJ_2018,3,0,0,0,0,0,0,0,0,0,0,0,0,0,100,150,0,0,600,1200,,,0.00167,,410,840,800,4000000,5,22,28,64,5,Y,N,N,N,N,N,Y,S,Y
Mistry_Yang_BiomacromolJ_2018,2,0,0,0,0,0,0,0,0,0,0,0,9,0,100,150,0,0,600,1200,,,0.00167,,410,840,800,4000000,5,22,0,64,5,Y,N,N,N,N,N,Y,S,Y
Mistry_Yang_BiomacromolJ_2018,2,0,0,0,0,0,0,0,0,0,0,0,9,0,100,150,0,0,600,1200,,,0.00167,,410,840,800,4000000,5,22,1,64,5,Y,N,N,N,N,N,Y,S,Y
Mistry_Yang_BiomacromolJ_2018,2,0,0,0,0,0,0,0,0,0,0,0,9,0,100,150,0,0,600,1200,,,0.00167,,410,840,800,4000000,5,22,7,64,5,Y,N,N,N,N,N,Y,S,Y
Mistry_Yang_BiomacromolJ_2018,2,0,0,0,0,0,0,0,0,0,0,0,9,0,100,150,0,0,600,1200,,,0.00167,,410,840,800,4000000,5,22,14,64,5,Y,N,N,N,N,N,Y,S,Y
Mistry_Yang_BiomacromolJ_2018,2,0,0,0,0,0,0,0,0,0,0,0,9,0,100,150,0,0,600,1200,,,0.00167,,410,840,800,4000000,5,22,28,64,5,Y,N,N,N,N,N,Y,S,Y
Mistry_Yang_BiomacromolJ_2018,2,0,0,0,0,0,0,0,0,0,0,0,9,0,100,150,0,0,600,1200,,,0.00167,,410,840,800,4000000,5,22,0,64,5,Y,N,N,N,N,N,Y,S,Y
Mistry_Yang_BiomacromolJ_2018,2,0,0,0,0,0,0,0,0,0,0,0,9,0,100,150,0,0,600,1200,,,0.00167,,410,840,800,4000000,5,22,1,64,5,Y,N,N,N,N,N,Y,S,Y
Mistry_Yang_BiomacromolJ_2018,2,0,0,0,0,0,0,0,0,0,0,0,9,0,100,150,0,0,600,1200,,,0.00167,,410,840,800,4000000,5,22,7,64,5,Y,N,N,N,N,N,Y,S,Y
Mistry_Yang_BiomacromolJ_2018,2,0,0,0,0,0,0,0,0,0,0,0,9,0,100,150,0,0,600,1200,,,0.00167,,410,840,800,4000000,5,22,14,64,5,Y,N,N,N,N,N,Y,S,Y
Mistry_Yang_BiomacromolJ_2018,2,0,0,0,0,0,0,0,0,0,0,0,9,0,100,150,0,0,600,1200,,,0.00167,,410,840,800,4000000,5,22,28,64,5,Y,N,N,N,N,N,Y,S,Y
Mistry_Yang_BiomacromolJ_2018,0,0,0,0,0,0,0,0,0,0,0,0,0,0,100,150,0,0,600,1200,,,0.00167,,410,840,800,4000000,5,22,0,64,5,Y,N,N,N,N,N,Y,S,Y
Mistry_Yang_BiomacromolJ_2018,0,0,0,0,0,0,0,0,0,0,0,0,0,0,100,150,0,0,600,1200,,,0.00167,,410,840,800,4000000,5,22,1,64,5,Y,N,N,N,N,N,Y,S,Y
Mistry_Yang_BiomacromolJ_2018,0,0,0,0,0,0,0,0,0,0,0,0,0,0,100,150,0,0,600,1200,,,0.00167,,410,840,800,4000000,5,22,7,64,5,Y,N,N,N,N,N,Y,S,Y
Mistry_Yang_BiomacromolJ_2018,0,0,0,0,0,0,0,0,0,0,0,0,0,0,100,150,0,0,600,1200,,,0.00167,,410,840,800,4000000,5,22,14,64,5,Y,N,N,N,N,N,Y,S,Y
Mistry_Yang_BiomacromolJ_2018,0,0,0,0,0,0,0,0,0,0,0,0,0,0,100,150,0,0,600,1200,,,0.00167,,410,840,800,4000000,5,22,28,64,5,Y,N,N,N,N,N,Y,S,Y
Mistry_Yang_BiomacromolJ_2018,0,0,0,0,0,0,0,0,0,0,0,0,0,0,100,150,0,0,600,1200,,,0.00167,,410,840,800,4000000,5,22,0,64,5,Y,N,N,N,N,N,Y,S,Y
Mistry_Yang_BiomacromolJ_2018,0,0,0,0,0,0,0,0,0,0,0,0,0,0,100,150,0,0,600,1200,,,0.00167,,410,840,800,4000000,5,22,1,64,5,Y,N,N,N,N,N,Y,S,Y
Mistry_Yang_BiomacromolJ_2018,0,0,0,0,0,0,0,0,0,0,0,0,0,0,100,150,0,0,600,1200,,,0.00167,,410,840,800,4000000,5,22,7,64,5,Y,N,N,N,N,N,Y,S,Y
Mistry_Yang_BiomacromolJ_2018,0,0,0,0,0,0,0,0,0,0,0,0,0,0,100,150,0,0,600,1200,,,0.00167,,410,840,800,4000000,5,22,14,64,5,Y,N,N,N,N,N,Y,S,Y
Mistry_Yang_BiomacromolJ_2018,0,0,0,0,0,0,0,0,0,0,0,0,0,0,100,150,0,0,600,1200,,,0.00167,,410,840,800,4000000,5,22,28,64,5,Y,N,N,N,N,N,Y,S,Y
Ojansivu_Mustafa_Biofab_2019,4,5,0,0,0,0,0,0,0,0,0,0.25,0,0,100,0,0,0,600,0,270,,,43.5,0,510,715.2,5000000,26,4,0,900,2,N,N,N,Y,N,N,N,S,N
Ojansivu_Mustafa_Biofab_2019,4,5,0,0,0,0,0,0,0,0,0,0.25,0,0,100,0,0,0,600,0,270,,,43.5,0,510,709.13,5000000,26,4,1,900,2,N,N,N,Y,N,N,N,S,N
Ojansivu_Mustafa_Biofab_2019,4,5,0,0,0,0,0,0,0,0,0,0.25,0,0,100,0,0,0,600,0,270,,,43.5,0,510,829.36,5000000,26,4,14,900,2,N,N,N,Y,N,N,N,S,N
Ojansivu_Mustafa_Biofab_2019,4,5,0,0,0,0,0,0,0,0,0,0.25,0,0,100,0,0,0,600,0,270,,,43.5,0,510,690.94,5000000,26,4,0,900,2,N,N,N,Y,N,N,N,S,N
Ojansivu_Mustafa_Biofab_2019,4,5,0,0,0,0,0,0,0,0,0,0.25,0,0,100,0,0,0,600,0,270,,,43.5,0,510,573.26,5000000,26,4,1,900,2,N,N,N,Y,N,N,N,S,N
Ojansivu_Mustafa_Biofab_2019,4,5,0,0,0,0,0,0,0,0,0,0.25,0,0,100,0,0,0,600,0,270,,,43.5,0,510,673.35,5000000,26,4,14,900,2,N,N,N,Y,N,N,N,S,N
Sakai_Nagasuna_MatTodBio_2020,0,1,0,0,0,0,0,0,0,0,0,0,0,0,0,0,0,0,3,0,,,,22,0,220,400,500000,22,22,0,50.3,0.3,N,N,N,N,N,Y,N,S,N
Sanz-Garcia_Escobedo-Lucea_Polymers_2020,2,10,0,0,0,0,0,0,0,0,0,0,0,0,270.3,0,0,0,360,0,103,,,14,0,250,400,1000000,20,20,0.04167,144,,N,N,N,Y,N,N,N,S,N
Sanz-Garcia_Escobedo-Lucea_Polymers_2020,2,10,0,0,0,0,0,0,0,0,0,0,0,0,270.3,0,0,0,360,0,103,,,14,0,250,400,1000000,20,20,1,144,,N,N,N,Y,N,N,N,S,N
Mondal_Singh_SciRep_2019,3.25,4,0,0,0,0,0,0,0,0,0,0,0,0,100,0,0,0,180,0,35,,,,0,413,293.09,10000000,22,22,0,100,1,N,N,N,Y,N,N,N,S,N
Mondal_Singh_SciRep_2019,3.5,4,0,0,0,0,0,0,0,0,0,0,0,0,100,0,0,0,180,0,60,,,,0,413,372.59,10000000,22,22,0,100,1,N,N,N,Y,N,N,N,S,Y
Mondal_Singh_SciRep_2019,3.75,4,0,0,0,0,0,0,0,0,0,0,0,0,100,0,0,0,180,0,90,,,,0,413,441.59,10000000,22,22,0,100,1,N,N,N,Y,N,N,N,S,Y
Mondal_Singh_SciRep_2019,4,4,0,0,0,0,0,0,0,0,0,0,0,0,100,0,0,0,180,0,120,,,,0,413,524.5,10000000,22,22,0,100,1,N,N,N,Y,N,N,N,S,N
